,weight,sweetness,crunchiness,juiciness,acidity
2749,2,1,1,0,0
3730,1,1,0,4,3
525,0,1,3,1,2
1828,0,0,1,1,4
1843,1,1,1,2,4
1635,0,0,3,1,0
2798,2,1,0,1,0
485,0,2,0,1,1
341,0,4,2,3,2
2520,2,1,3,2,1
2091,3,1,2,1,3
1711,1,4,2,0,2
160,0,3,0,3,0
2317,2,1,0,0,2
1086,0,0,0,0,4
3385,1,0,1,0,2
2284,0,2,1,0,2
34,1,2,2,0,2
2533,0,1,1,1,3
1090,1,1,2,1,1
328,2,1,2,3,1
1108,2,4,3,2,0
2970,1,0,0,0,2
3511,0,1,1,1,0
2762,4,0,1,2,0
3698,0,0,1,2,3
2771,0,0,1,0,0
1517,0,0,1,0,2
297,1,1,1,0,1
592,0,0,0,1,2
3257,3,4,0,1,4
3645,2,4,0,1,0
1223,0,1,0,4,3
1878,2,3,1,4,1
3279,2,1,2,0,3
1953,1,1,1,0,1
189,1,1,0,1,0
3025,3,0,0,0,4
2292,0,1,0,0,0
1038,1,2,0,1,2
428,3,0,4,1,2
1239,1,1,2,3,0
2705,2,1,1,0,2
1658,1,0,2,1,0
459,1,2,0,3,1
3180,1,0,1,1,1
3830,2,1,3,2,0
1414,1,2,0,0,0
2723,0,1,2,2,1
331,0,1,2,1,3
3584,1,0,2,2,0
3549,1,1,0,0,1
3258,3,0,2,1,1
2038,1,4,0,6,1
2769,1,0,0,2,0
1468,3,1,2,1,2
3044,2,0,1,1,0
3040,2,0,1,3,1
2313,0,1,0,3,1
130,1,0,0,4,3
3401,0,1,1,0,2
1578,2,1,0,1,0
1449,1,0,2,0,0
1032,1,0,0,0,1
2993,1,4,1,1,0
656,0,1,2,0,0
2064,3,3,1,1,0
450,1,2,1,2,2
1319,1,3,0,0,1
12,1,1,2,3,2
2851,1,2,1,0,0
3691,0,0,0,1,4
1560,1,0,1,1,2
853,2,1,0,0,0
1905,1,0,2,2,0
3346,0,0,1,1,1
3977,0,1,1,1,0
1825,1,1,0,1,2
3968,0,5,0,0,0
2125,1,0,0,0,1
66,2,0,3,3,0
3936,2,0,2,0,2
446,2,0,2,0,3
648,0,0,1,0,1
2826,1,0,1,0,0
2550,1,1,2,0,2
1118,1,2,1,1,1
333,1,0,1,2,1
3785,0,1,0,1,2
1985,2,2,1,0,1
2747,0,1,1,1,0
797,1,3,0,1,0
1205,2,2,0,0,1
536,0,0,0,0,4
634,0,0,0,3,6
1779,2,3,1,2,2
916,1,0,2,3,0
843,1,0,0,1,2
3605,0,0,1,2,1
2608,0,1,1,2,2
129,1,0,2,0,3
3028,3,2,0,3,2
3729,1,2,3,3,0
535,0,0,0,0,2
1000,1,0,1,2,0
3083,1,2,0,2,2
2001,0,3,0,3,2
1092,0,0,2,0,0
2409,2,3,0,2,0
618,0,5,1,0,1
3558,1,2,1,1,0
3417,0,2,1,1,0
1272,0,1,3,0,2
3957,0,0,5,2,4
2147,0,4,2,0,0
3410,2,0,2,1,0
3337,2,2,1,0,1
2742,0,1,2,0,1
1672,3,1,1,2,4
3026,1,1,0,1,0
975,0,1,0,3,2
3777,0,1,0,0,1
3135,2,3,2,2,0
2198,0,3,1,0,0
715,1,0,1,1,2
1119,0,0,1,3,4
1196,1,0,1,0,0
142,0,2,0,2,0
2522,4,2,1,1,0
2212,0,0,0,0,0
3059,0,0,1,2,1
673,0,1,1,1,0
682,0,0,0,1,0
2827,0,1,0,1,0
394,1,1,0,3,2
1620,1,3,0,2,2
500,2,0,0,2,3
775,2,3,0,1,0
3165,1,2,0,1,0
1124,1,1,1,0,3
3342,3,1,0,0,4
1094,0,1,1,0,0
1071,3,2,1,0,1
1480,0,0,6,2,1
1928,2,1,0,1,2
2495,1,1,2,1,0
2450,1,2,2,2,2
2557,0,1,0,0,1
2047,2,0,0,0,3
3231,0,0,3,1,1
1626,0,0,3,0,1
2420,0,2,1,1,0
2166,0,0,2,1,0
744,2,1,1,0,1
2583,1,0,2,1,0
690,0,3,2,1,2
1807,1,2,2,1,0
3011,1,1,3,4,0
2172,1,0,2,5,5
24,1,0,1,4,1
3438,1,1,0,1,0
2436,1,1,0,1,1
3143,1,3,1,0,2
3168,0,0,2,1,0
88,0,2,0,0,0
773,0,0,2,2,1
1211,1,2,0,1,1
2517,0,1,0,1,2
2484,0,0,0,1,0
981,2,3,1,2,1
2020,2,0,2,0,0
1714,0,4,0,1,2
3797,0,0,1,3,2
3390,3,1,1,0,0
1575,1,1,2,0,2
667,0,3,1,0,1
1192,1,3,1,0,1
3641,2,1,0,1,1
2129,0,2,2,0,2
293,0,1,0,0,2
1574,2,2,2,1,0
3815,0,0,0,1,3
2588,1,2,2,3,2
617,0,0,2,0,0
29,1,1,0,0,1
3687,0,2,0,2,0
3201,0,0,0,0,2
1947,3,3,1,1,1
732,0,3,3,3,1
3175,1,2,3,1,0
230,1,3,1,0,0
837,3,2,1,1,2
3354,1,3,1,1,1
1295,1,3,0,0,2
2083,0,2,3,0,0
16,1,2,0,2,0
2431,0,0,2,2,1
2318,0,2,0,1,1
3901,3,0,0,2,1
657,0,2,2,2,0
3585,1,1,2,1,0
938,0,1,0,1,0
2755,2,2,2,4,1
340,1,1,0,0,0
538,1,2,1,0,3
3394,0,2,1,0,1
2167,0,2,0,0,3
78,0,2,0,1,1
2879,1,2,0,2,2
3402,3,2,0,3,3
1113,2,1,0,3,1
2308,0,1,1,3,3
537,0,4,1,1,0
1182,2,0,1,0,1
3054,0,3,1,0,0
1632,0,2,3,1,1
876,1,0,0,1,0
1792,0,1,1,2,1
2734,0,1,0,0,0
3033,1,5,2,0,0
1479,0,0,1,1,0
1131,4,0,1,1,5
2891,1,1,0,0,2
2413,1,0,3,1,2
1076,0,0,1,0,2
3052,2,0,4,0,2
2808,1,1,0,0,0
157,1,0,2,2,0
1718,1,0,2,1,0
1348,1,3,0,0,1
635,0,2,1,1,1
3465,3,5,1,0,2
2215,0,0,0,1,0
3649,4,0,4,1,0
816,3,0,0,3,1
3452,0,1,1,0,0
3262,1,0,2,2,2
2633,0,1,2,1,2
3611,1,1,0,1,0
3903,1,1,0,2,3
2801,1,1,0,0,1
2462,0,2,1,4,2
619,0,0,0,1,2
1554,1,0,0,3,1
2095,2,0,2,2,1
1413,1,1,0,1,2
2971,3,4,0,0,0
1040,1,0,0,1,1
2103,2,1,0,1,3
2856,0,1,0,3,2
3171,3,2,0,0,1
442,0,0,0,3,4
1110,0,5,2,1,5
2476,0,1,1,2,0
1130,1,2,1,3,2
1171,1,1,3,1,1
3490,1,1,2,1,0
1478,0,0,0,4,4
1931,1,3,2,4,6
2519,1,0,1,1,0
207,0,1,3,4,0
1904,1,4,1,2,0
3999,1,0,1,1,1
3986,1,2,2,1,2
2944,1,0,1,0,0
3513,2,1,0,1,0
3855,2,1,1,0,1
1694,0,2,1,3,1
222,0,1,2,0,1
2135,1,0,1,0,1
3055,2,1,1,1,2
1096,1,1,0,1,1
3737,0,3,0,4,0
879,1,2,0,2,2
3395,0,0,1,0,1
2699,1,4,0,0,1
863,0,0,0,0,0
2831,2,1,6,0,1
389,1,1,0,0,3
2765,1,3,0,1,2
1903,1,3,0,2,1
1494,0,0,0,1,2
1242,2,1,1,1,2
3254,1,2,0,0,5
1876,0,2,1,0,0
629,0,0,0,0,0
288,1,3,0,0,3
1011,1,1,0,0,3
1299,2,3,0,0,4
166,2,0,2,1,2
3672,1,3,0,0,0
3705,2,2,0,1,0
3657,0,1,0,1,0
666,2,2,1,1,0
372,2,0,0,0,2
2063,0,0,0,0,1
1934,3,3,0,3,1
2414,2,0,1,0,0
3967,2,0,0,2,3
2625,1,2,1,0,0
642,0,0,4,3,2
3963,0,0,1,1,0
782,1,1,1,2,0
1464,1,0,0,0,4
1235,0,4,2,1,0
2326,1,1,2,0,1
3919,3,0,0,0,0
2674,0,0,2,1,0
1134,1,0,1,2,1
2184,4,1,3,2,0
528,0,0,2,0,0
1263,2,3,0,1,0
1520,0,3,0,0,1
2109,1,1,0,2,3
548,0,1,0,0,0
458,1,0,1,2,2
3189,1,1,2,2,1
3752,0,1,2,0,0
1511,0,2,6,5,0
92,2,0,2,0,1
2406,1,1,1,0,1
3714,1,1,0,1,4
1048,1,0,1,1,0
3020,2,1,1,1,3
3455,1,3,2,0,1
1758,0,2,2,1,1
3588,0,0,0,0,0
1138,0,1,3,1,1
1442,3,1,1,4,1
1845,1,0,2,0,1
3316,0,0,1,0,1
2401,1,0,3,0,0
646,0,0,0,0,0
3812,0,0,1,3,1
2958,0,0,1,0,0
2226,0,0,1,0,0
2973,0,1,0,0,0
3993,0,3,1,0,0
2012,4,1,0,1,2
2178,4,2,1,0,4
158,1,3,0,1,0
2153,1,0,0,0,2
3851,0,2,0,0,1
1675,3,0,0,4,1
1942,1,0,0,0,1
1005,1,0,0,0,3
281,2,1,1,0,2
185,1,4,1,4,2
2136,0,0,0,1,2
2950,2,1,3,0,2
3867,3,0,0,0,3
339,2,0,1,0,4
110,1,0,0,1,1
2907,0,2,2,2,0
2918,2,0,0,0,1
3583,1,2,0,0,3
3308,1,1,0,3,3
2433,0,1,0,1,4
1216,1,0,1,2,3
72,1,4,0,2,1
1168,0,5,0,1,1
1993,0,0,1,3,1
2978,0,0,0,2,2
3660,0,2,1,2,2
1462,0,1,0,0,2
3876,0,1,0,2,1
3139,3,3,1,3,0
1028,1,1,0,0,1
987,0,3,0,2,0
734,1,2,0,1,0
1318,1,1,1,0,1
2537,0,0,1,1,0
872,1,0,0,0,1
3759,2,1,1,0,0
348,0,0,0,0,2
1662,0,2,1,3,0
3685,1,0,1,1,0
1010,0,0,1,2,4
792,2,0,0,1,3
3423,0,0,0,0,0
1140,1,0,1,2,0
2213,1,0,2,3,0
3675,0,1,0,0,2
2933,1,0,1,1,0
1592,1,0,1,0,1
377,3,0,3,1,0
2545,0,0,2,2,3
1660,1,3,1,1,1
676,2,1,1,5,1
136,0,1,0,0,1
3732,0,0,1,2,1
3035,4,1,1,1,1
2247,0,0,2,3,2
2964,4,0,1,1,1
3255,0,1,0,0,0
3864,1,0,1,2,2
2794,0,0,0,0,1
1277,4,3,2,1,2
649,1,3,2,1,1
1053,1,1,0,0,0
1476,0,3,2,2,2
2370,0,0,0,0,1
272,0,0,0,3,2
877,0,1,3,1,0
2108,1,2,1,0,1
599,0,0,3,1,2
3733,1,1,0,0,2
857,0,3,0,2,0
3172,1,0,2,2,0
845,0,2,0,1,0
2077,1,2,1,1,0
1498,1,1,0,0,0
1730,2,0,1,1,1
2173,1,2,2,0,1
3492,2,4,0,2,1
1333,1,0,1,3,1
625,2,2,1,1,1
1437,0,1,1,0,1
1787,0,0,1,0,0
3678,0,1,2,0,0
226,1,1,1,0,1
2673,1,0,3,4,0
1580,0,0,0,2,3
1197,1,0,0,2,5
1142,3,0,0,4,3
69,3,1,2,2,3
2265,1,0,1,3,3
2304,4,2,1,1,0
379,2,1,0,3,2
3544,2,0,0,0,0
2348,1,0,0,0,0
1163,4,0,0,0,4
496,1,3,1,2,1
522,0,2,1,1,2
2548,4,2,2,2,0
1068,0,0,1,0,0
2419,1,3,2,0,2
2279,0,1,0,2,0
2270,0,2,2,1,4
791,0,2,1,0,2
1786,0,1,0,0,0
1965,1,0,1,1,2
116,3,2,0,3,0
3962,0,1,1,1,0
1775,1,0,0,0,0
3839,1,0,0,2,2
1627,0,1,0,0,0
2497,1,1,2,2,0
3495,0,0,1,0,0
1260,2,3,0,0,1
641,1,2,1,0,0
1065,2,0,2,4,1
1700,0,1,0,1,0
199,1,0,1,0,2
3751,0,0,1,1,1
334,1,2,0,1,0
2133,2,0,1,0,2
3476,0,2,0,3,2
2738,0,1,0,2,2
2453,1,0,1,0,1
1789,0,0,2,2,0
1453,1,0,2,0,3
1502,2,2,2,2,1
283,2,2,3,0,0
48,0,1,0,1,0
3174,1,0,1,1,1
2392,2,0,1,0,2
1285,1,2,0,1,3
1145,1,1,1,0,2
1160,0,0,1,0,1
2759,1,0,0,0,0
3204,0,1,0,0,2
371,1,4,0,1,2
1901,4,1,0,3,3
1088,2,0,0,2,3
1854,0,2,1,2,2
2609,0,0,1,1,4
1412,2,0,1,2,1
1315,1,0,1,0,1
807,0,0,2,2,3
2421,2,2,2,0,0
3836,1,1,2,1,0
2293,0,0,1,0,0
1590,4,2,2,2,1
765,2,0,3,2,0
154,2,0,0,1,2
3353,1,2,1,0,2
650,2,2,2,2,0
1129,0,1,1,0,2
1532,1,2,0,1,4
2334,0,2,1,1,0
2679,1,0,2,4,1
3594,0,3,2,0,0
817,0,0,3,3,1
2488,2,3,2,0,1
1194,1,0,1,0,3
714,0,2,1,2,0
947,0,1,1,2,2
63,2,0,2,0,0
2857,3,0,2,1,1
3157,1,5,0,1,0
1106,2,0,1,0,1
519,0,2,0,1,0
1838,1,3,0,2,2
2475,1,0,2,1,2
2169,0,0,0,0,0
2726,2,0,0,2,1
1927,0,0,1,0,1
1330,0,2,1,1,0
718,3,1,0,2,2
2044,0,2,0,1,2
1230,1,1,2,0,2
1373,2,0,1,0,2
2093,2,2,1,0,3
1181,3,0,1,1,1
1313,3,0,1,1,2
1042,1,0,0,3,1
3550,0,0,1,1,0
1320,0,0,0,2,2
2885,0,0,4,2,3
408,3,0,2,1,0
2603,1,1,0,5,2
2332,0,1,1,0,0
1889,0,1,1,1,1
884,0,1,2,0,0
1955,2,0,1,4,4
1621,1,2,0,0,0
740,0,0,1,2,3
3784,1,2,2,2,1
1446,4,1,0,3,0
846,0,1,0,0,1
2027,0,3,0,1,0
2434,1,1,0,2,2
1232,1,0,0,2,6
1474,1,2,2,1,0
3811,2,2,0,1,5
1306,1,0,1,1,1
556,2,0,0,3,2
3621,3,1,1,0,0
1559,0,0,1,3,2
1339,3,0,1,1,0
3126,0,1,2,0,0
2075,2,1,0,1,3
2823,0,0,0,0,0
401,0,2,2,1,0
2467,1,2,1,0,1
1428,0,1,2,0,1
3869,1,2,0,3,1
1364,0,0,0,2,1
268,1,0,0,0,0
1848,1,0,0,3,2
2380,2,1,2,1,0
2100,0,4,2,0,0
605,4,2,1,1,1
2975,1,4,0,3,1
3996,1,0,0,0,1
2221,0,0,2,0,2
726,0,0,1,0,0
3034,0,0,1,0,0
3212,3,0,0,3,3
2199,0,3,0,1,1
1670,1,0,0,0,2
1236,1,2,1,2,1
2385,2,2,1,0,1
2477,1,0,0,0,0
1275,0,1,0,0,1
848,1,0,1,2,0
3556,1,4,2,0,1
118,1,0,0,2,2
3498,3,2,0,2,4
1054,3,1,3,3,1
3953,3,0,0,3,3
2307,1,3,3,0,0
2422,0,0,1,1,1
1386,6,3,3,2,2
3314,1,0,0,1,2
2920,1,0,1,2,1
438,2,0,0,3,2
1267,1,0,1,0,2
196,0,0,0,1,0
1715,1,2,0,1,2
2988,1,0,1,7,3
3716,0,0,0,0,1
206,0,0,0,3,1
1622,0,1,1,4,3
3820,1,1,1,2,3
365,0,1,0,2,3
68,0,1,0,0,0
2483,1,0,3,3,1
3871,0,0,0,3,1
300,1,0,0,0,1
917,1,0,2,0,0
3362,3,1,2,0,2
3260,0,2,3,0,2
3014,0,0,0,1,0
3048,2,0,1,2,1
1884,1,1,1,0,0
3514,1,0,0,1,0
1429,2,0,0,1,2
2579,1,1,0,0,2
1401,0,1,2,1,1
1509,0,2,3,2,1
1087,3,2,0,0,0
3829,1,0,1,1,2
1863,1,0,2,0,1
924,1,2,2,1,3
1573,0,1,1,1,0
326,1,0,3,1,0
2802,1,0,1,0,2
1166,1,0,0,2,1
3275,0,2,1,2,0
285,2,2,0,0,0
671,0,1,0,0,2
2315,0,3,0,1,0
999,0,0,1,1,1
1970,0,3,0,2,0
1911,0,0,1,0,2
2706,1,1,3,2,0
2423,0,2,1,4,0
3323,0,1,0,0,1
970,1,0,0,1,1
1033,0,0,1,2,1
1860,0,2,0,1,1
834,2,1,1,1,0
2025,0,0,0,3,1
1688,3,1,1,0,1
2552,0,1,1,1,3
3965,1,2,1,1,3
3985,0,1,0,1,1
2035,0,0,0,3,1
165,1,0,3,0,1
1334,0,1,0,2,1
2473,0,1,1,0,0
809,0,0,0,1,1
3857,1,0,0,2,2
1389,0,1,1,1,3
1391,0,3,0,2,0
2965,0,2,2,1,2
1279,4,2,0,0,1
1436,2,1,0,2,0
3236,1,0,0,1,1
3095,0,0,2,2,1
588,0,1,3,2,1
3998,1,2,0,2,2
3098,1,0,2,1,0
3319,1,1,2,0,0
1365,1,3,0,0,1
3161,0,1,0,0,0
3840,0,0,0,2,0
2666,0,2,1,0,1
258,0,2,0,1,0
2806,0,2,2,1,2
3802,1,0,2,0,2
735,0,0,0,1,0
3533,0,2,0,1,1
2792,0,0,1,1,1
502,0,3,2,2,5
227,3,4,0,3,6
694,1,2,0,0,1
653,2,4,0,1,0
2492,2,0,2,0,0
2289,1,3,1,4,0
608,4,1,1,2,0
1321,2,0,1,1,1
2675,0,1,2,0,1
2491,1,1,1,0,1
1307,0,0,0,0,1
79,1,1,2,0,1
948,0,0,1,0,1
3828,1,0,0,2,2
1754,4,0,1,5,2
3038,1,4,0,1,0
1187,0,0,2,3,0
1324,0,1,0,0,0
1835,0,0,2,4,1
1709,0,0,1,1,2
2898,0,0,0,1,0
2003,2,0,0,1,2
844,0,0,0,2,1
2815,0,1,2,2,0
1458,4,4,0,0,0
106,1,1,3,2,3
2562,1,1,0,2,0
546,2,1,1,0,4
3277,0,3,1,0,1
2048,3,4,1,2,0
3397,2,2,0,0,2
477,0,0,0,1,0
2146,1,0,0,1,0
1760,1,2,3,2,3
2137,2,1,2,0,2
265,0,2,0,1,1
2727,1,1,4,2,0
3062,0,0,1,2,0
3535,0,1,1,2,0
286,1,0,0,1,3
2244,1,1,0,2,0
289,0,2,0,0,0
632,1,0,3,0,2
533,1,0,3,2,0
786,0,0,4,3,4
850,1,1,1,0,0
2127,0,2,1,0,1
2369,1,2,0,1,2
2330,0,3,0,0,0
2636,2,4,0,1,0
2927,2,1,0,0,0
711,2,0,0,0,2
3447,1,0,1,1,0
3218,2,1,3,0,3
2783,0,0,1,2,1
1308,2,0,0,3,1
2865,0,1,0,0,1
1198,1,0,1,1,0
2974,0,0,0,2,2
3324,0,1,0,2,1
108,3,0,1,3,1
3238,1,1,0,1,4
1603,1,1,3,1,1
1668,1,2,0,0,1
2825,2,2,1,3,1
56,0,0,0,0,3
577,0,2,0,2,0
1875,1,2,0,0,1
1615,0,0,0,1,0
228,1,0,4,2,1
1423,2,2,0,2,3
1384,0,0,0,0,0
1508,0,2,1,0,2
3330,1,3,0,0,0
1224,2,3,1,0,2
2616,0,1,1,1,2
3960,0,2,2,1,0
705,0,0,1,0,1
1253,1,3,1,0,0
1895,1,0,2,1,1
2566,0,2,0,1,0
1923,0,2,1,0,1
3415,0,1,2,2,0
3249,2,3,0,0,2
1208,1,0,2,0,0
2303,3,5,1,0,1
3895,0,3,0,2,1
1406,4,0,0,1,2
2767,0,2,1,1,1
1419,0,2,2,0,0
2142,1,0,2,1,4
1883,2,0,0,1,0
2995,2,2,2,3,1
90,0,2,1,0,2
3987,1,1,0,1,1
2141,1,1,0,1,0
2066,1,1,2,0,1
874,0,0,0,1,1
1450,1,1,2,2,0
3322,0,0,0,2,2
1605,0,0,0,0,2
1289,0,1,0,0,0
756,0,1,2,0,0
3959,0,1,0,2,0
1566,1,1,0,3,3
2818,2,2,1,2,1
1771,1,0,0,1,1
768,0,2,1,0,0
2444,0,1,1,1,1
135,0,0,0,2,2
1052,1,0,0,2,3
1418,1,0,2,0,3
1454,0,1,1,0,1
1910,0,2,0,2,0
3214,0,2,3,3,0
3422,1,4,3,1,0
2463,2,4,0,1,1
1536,1,0,0,0,0
387,0,1,1,1,1
1723,0,0,0,4,2
3147,1,0,0,0,2
2193,0,0,1,1,0
486,1,0,0,2,0
2872,3,1,0,0,5
1902,2,1,1,0,0
570,0,1,1,4,4
98,0,2,3,4,2
509,0,1,3,1,3
3159,0,1,1,1,2
1917,1,0,0,2,0
1719,2,1,1,2,2
3420,1,0,0,0,0
1992,0,0,0,0,1
3838,1,3,0,3,2
3380,2,1,0,3,2
3841,1,4,0,1,0
3327,0,0,0,1,2
2437,3,1,1,2,2
2447,0,1,0,3,3
1981,4,4,0,1,1
299,0,1,1,1,0
3056,0,0,0,1,1
2817,3,3,1,1,0
3024,2,2,0,4,0
998,0,0,0,1,0
2620,1,1,1,1,2
2637,2,0,1,4,3
700,2,1,0,0,2
798,1,0,0,0,2
1726,2,1,0,2,2
3284,1,1,5,0,2
861,0,2,0,0,0
3124,0,2,0,0,1
3306,0,4,1,0,1
1663,2,0,2,1,1
842,2,1,2,1,2
3437,1,0,1,1,0
2338,3,2,1,0,0
2711,3,3,0,0,0
3076,0,2,1,1,1
3269,5,1,1,5,3
2955,4,0,1,0,0
1070,1,1,0,0,0
2990,0,1,0,0,1
2704,1,1,0,2,4
1100,0,1,0,0,1
1552,1,0,1,0,0
3722,3,3,1,3,2
3445,1,4,0,0,1
913,0,0,1,3,1
2024,1,2,3,2,1
3536,2,2,1,2,1
3768,3,3,1,2,1
531,0,2,1,1,1
1349,0,1,0,1,1
2481,2,4,2,1,2
1455,1,3,1,0,3
139,0,0,1,0,2
930,0,3,3,0,0
984,0,1,0,0,0
153,0,1,0,3,3
2514,0,0,2,0,2
1736,2,1,0,0,2
2930,0,2,1,1,1
2157,1,0,1,1,1
1561,3,2,1,1,0
1097,0,0,2,1,1
2943,0,1,0,3,1
1744,0,0,2,0,2
1638,0,1,1,1,0
2725,1,1,0,0,1
2030,2,0,0,1,2
2052,0,2,1,1,0
3659,1,1,4,0,1
2878,0,1,0,1,1
2235,0,1,2,0,2
2269,1,0,0,2,1
2285,0,1,0,2,1
1309,0,1,0,0,0
3263,1,0,0,3,1
2175,3,2,3,1,0
3099,0,0,1,1,1
3477,4,3,3,4,1
1362,3,0,0,3,1
2899,2,1,0,3,5
3220,0,1,0,0,3
2547,2,0,2,1,0
1914,4,1,2,4,1
2967,1,3,2,0,0
1426,0,0,1,2,3
2728,1,2,1,0,1
1195,0,3,2,1,5
808,1,1,2,1,0
529,0,2,0,2,0
241,1,3,1,1,3
532,2,2,2,5,1
2658,2,0,2,0,0
1667,1,0,0,1,1
2639,1,1,2,1,3
1050,3,1,3,0,0
2321,0,4,0,0,1
3136,0,0,1,0,0
3873,2,1,0,1,2
931,0,0,0,1,1
3176,0,3,1,1,0
140,2,3,1,1,0
3332,0,1,0,0,1
2610,1,0,1,1,2
3162,1,0,1,0,0
3844,0,0,0,1,3
802,0,3,2,3,1
3574,0,2,0,1,2
2737,1,0,2,0,0
3949,3,1,0,0,5
2532,2,1,1,5,3
262,0,1,2,1,3
3526,1,0,0,0,1
2681,3,2,1,0,0
1266,1,2,1,0,0
3522,1,0,0,4,0
452,0,0,0,1,1
3184,0,0,0,0,3
3088,3,1,1,1,3
3845,0,1,1,0,0
3112,2,1,1,2,1
3930,0,2,1,0,3
1886,1,1,3,4,0
3736,0,0,3,1,0
2062,2,1,0,0,1
2428,4,0,0,3,2
358,0,0,0,1,0
1831,0,2,0,0,0
3457,0,0,0,1,1
163,0,2,0,0,1
312,2,4,1,1,2
3012,1,0,0,1,0
3566,0,0,1,2,1
3886,1,0,2,2,1
3599,2,0,2,0,1
886,1,1,4,1,1
1457,0,0,1,1,0
2979,2,0,0,0,3
3021,1,1,2,1,1
380,1,1,0,0,1
1244,4,3,1,1,0
3259,1,0,1,0,1
3229,1,3,7,0,1
3644,0,0,1,3,3
969,1,1,1,0,1
3651,1,0,2,4,2
1394,2,0,1,1,0
2868,1,1,1,1,1
3120,2,1,1,1,0
2820,1,1,0,1,0
1029,2,2,1,0,0
137,2,0,0,2,3
1630,0,1,0,0,1
370,1,1,1,2,2
507,2,2,0,0,0
1568,0,1,1,0,0
2850,0,2,1,3,1
2903,1,2,0,1,0
3234,1,0,1,0,1
1297,3,2,2,0,1
149,1,1,2,2,1
2182,0,1,0,0,2
1625,2,0,2,0,0
506,1,0,3,1,0
343,1,2,0,2,2
2227,0,1,1,0,0
1174,1,2,0,0,2
1999,0,3,0,4,0
3852,2,4,0,2,0
2791,4,2,2,0,1
3471,2,1,0,3,2
1485,1,3,2,2,2
2708,1,3,0,1,0
3591,3,0,2,1,0
3521,0,1,0,2,0
198,1,0,0,2,5
826,1,2,0,0,0
2718,1,3,0,0,3
101,2,2,0,1,0
2527,1,5,1,2,1
2357,1,0,1,1,2
301,0,0,2,0,1
3760,2,3,0,1,0
2894,0,0,0,4,1
152,1,0,1,0,0
2306,1,2,0,1,2
1288,4,3,1,0,2
873,1,3,0,1,2
3814,0,4,0,4,1
391,0,2,1,1,2
819,2,0,2,0,1
1177,1,2,1,0,4
1081,0,0,3,1,2
2538,0,1,1,0,3
2789,4,0,2,0,0
2245,2,1,4,2,3
1946,0,2,1,0,0
2081,1,2,2,1,1
105,1,0,0,1,1
1971,0,1,0,0,0
829,1,1,3,0,0
2026,2,0,0,2,1
1490,0,1,1,0,1
795,3,1,2,3,2
1600,0,0,1,0,0
2286,0,0,1,1,2
2174,2,0,1,0,5
3565,2,2,0,2,1
2280,2,1,0,0,2
762,1,3,0,0,0
2954,1,2,0,1,0
1939,0,0,1,1,0
25,3,1,0,2,3
2033,2,3,2,0,3
3976,0,1,1,0,2
1327,2,0,0,1,0
944,1,1,1,1,0
3646,2,1,0,2,1
2919,1,0,1,0,1
1649,0,1,0,0,2
1500,0,3,1,0,1
2349,3,3,1,1,1
1579,1,0,2,1,0
493,0,1,0,0,0
919,0,2,2,0,1
1008,1,2,1,3,0
1135,0,2,2,2,0
3134,2,3,0,1,1
2218,2,1,1,1,0
2772,1,2,0,0,2
870,0,0,0,1,2
1284,0,4,0,1,1
1777,0,1,1,0,0
3209,0,2,3,6,5
977,0,2,2,1,0
2329,4,0,1,1,0
1159,1,0,1,1,0
2844,2,0,1,4,3
2236,1,0,1,0,0
1035,1,1,1,4,2
1617,0,0,1,0,0
3904,3,0,4,4,1
3943,4,2,1,3,1
968,2,0,0,3,1
737,0,0,1,2,0
2255,1,1,0,0,2
2510,0,0,4,1,1
2459,0,0,1,0,0
1567,0,0,2,1,1
687,1,2,1,1,2
1969,2,4,0,0,0
186,1,1,0,2,2
1735,2,0,0,2,2
1865,1,0,0,2,1
728,2,0,2,2,2
1273,1,1,0,2,2
181,2,3,1,1,0
347,0,0,0,4,1
3250,1,0,0,0,0
2612,0,0,0,1,1
2498,1,1,0,1,0
2693,0,0,1,2,2
959,3,1,1,0,1
1185,1,1,1,1,1
2701,0,0,1,1,0
1762,1,0,2,0,0
2745,0,1,0,2,6
3392,0,0,0,0,1
2596,4,1,3,1,6
923,1,2,2,2,4
3500,1,1,2,1,3
1734,1,0,2,1,0
568,1,0,1,1,1
3424,0,0,2,0,3
3317,1,0,2,1,1
520,1,1,1,1,0
277,0,0,0,2,2
2260,1,2,1,1,1
751,2,3,1,0,1
244,0,3,0,3,7
143,0,0,2,0,0
1077,2,1,0,3,3
1733,0,1,2,1,3
474,1,1,0,0,2
1591,1,1,0,2,2
591,0,0,0,0,4
483,3,1,2,0,0
1012,0,2,0,0,3
42,2,1,0,0,1
3831,1,1,2,0,2
833,1,2,1,0,2
708,2,0,1,1,2
3568,3,4,1,2,0
2156,2,3,1,0,2
966,0,3,0,1,0
626,3,1,1,2,3
2607,3,0,0,0,2
1281,2,2,0,1,4
2446,3,3,3,0,3
3531,0,0,1,2,2
2435,2,1,0,1,0
3632,0,2,3,3,4
2732,0,0,0,2,1
2287,1,0,0,0,2
2660,2,1,0,1,2
1872,1,2,0,2,0
703,0,0,2,2,2
3318,0,1,0,0,3
3473,0,0,1,0,2
849,2,0,0,1,3
3749,1,0,1,0,0
1741,0,1,0,0,0
2034,0,0,1,1,2
2023,3,1,3,0,2
3682,1,0,0,1,2
2926,1,1,2,2,0
1355,2,0,1,0,1
146,2,0,4,3,0
2799,1,0,0,0,0
1004,2,3,1,4,0
131,1,1,2,2,2
1398,2,0,0,0,2
1023,5,1,2,0,0
279,0,1,0,1,1
1834,0,1,1,1,1
1410,1,0,1,0,2
1759,0,0,0,3,0
1061,1,0,2,0,1
3527,1,3,2,1,3
2232,2,3,3,5,1
1022,0,3,0,1,0
1179,1,2,1,1,1
3810,2,3,0,0,1
2912,2,2,2,1,1
2535,1,1,0,0,0
2819,3,1,0,2,4
449,2,0,2,1,1
1644,2,0,1,3,2
3064,2,2,0,2,4
0,2,5,1,1,0
3765,2,0,2,1,1
3416,4,1,2,0,1
355,0,2,1,1,1
3375,2,0,2,1,1
3935,0,0,1,3,0
1961,0,0,1,2,1
124,2,2,2,0,1
2618,0,1,2,3,3
1506,0,0,2,0,0
1176,0,1,1,0,1
204,0,1,1,1,1
1357,1,0,0,1,0
2220,0,0,1,1,0
2863,0,1,1,0,0
1813,0,1,2,0,4
82,0,4,0,2,1
3225,0,1,0,1,1
3396,0,2,1,2,0
1046,1,0,0,2,4
3194,3,1,1,0,4
2836,0,2,0,2,2
2381,1,2,2,0,4
812,1,1,1,2,0
3756,2,1,0,1,1
553,0,4,0,0,2
3738,1,2,4,3,0
3037,1,1,0,1,1
1363,0,0,2,0,0
3724,0,0,0,0,2
811,2,3,1,1,0
736,2,0,2,2,2
2617,3,1,0,0,0
2832,0,6,2,0,3
2331,1,0,1,0,3
881,2,0,3,1,0
1912,2,0,1,0,1
1977,0,0,2,3,3
2570,2,0,1,0,2
576,0,0,2,0,0
2686,1,0,1,2,1
47,2,2,0,1,3
1959,0,0,2,1,0
730,1,1,2,2,1
170,2,0,2,0,1
1583,2,1,2,1,3
3146,0,0,0,0,0
2503,0,0,0,0,3
3241,1,3,1,2,0
2687,3,1,0,0,2
1880,0,0,2,1,1
3969,1,1,0,3,2
3989,0,1,0,1,1
3373,1,2,0,0,0
2760,0,0,0,1,3
2968,2,5,0,2,1
1674,0,2,1,3,0
2598,1,3,1,2,1
2910,0,0,1,0,0
2892,0,3,2,1,0
1952,1,0,1,2,0
616,0,1,2,1,1
1608,2,1,2,0,1
58,0,0,3,3,1
542,3,0,0,0,0
3571,0,0,2,2,2
3928,1,0,1,0,0
2163,0,0,1,2,0
554,1,0,1,1,3
3562,0,1,1,1,1
429,1,0,0,1,4
2200,1,1,2,1,4
1144,0,1,1,0,0
2405,1,2,2,2,0
3469,2,2,1,3,2
460,0,0,2,1,0
3690,0,0,0,1,3
2455,0,1,0,0,0
3444,2,2,3,3,2
2648,0,0,0,1,1
1481,2,1,0,0,0
686,1,1,0,1,2
3718,2,2,3,2,1
750,1,0,3,3,0
3914,2,2,0,2,1
3950,2,3,2,1,0
3426,5,3,1,1,1
3281,0,0,1,1,0
3169,1,2,0,0,0
337,2,1,3,1,2
2740,0,0,1,0,4
3466,2,0,0,0,0
2864,1,0,1,3,2
915,4,2,3,0,2
2352,1,1,0,3,1
3515,2,3,0,2,0
1565,1,0,1,2,0
2000,0,1,0,0,2
3774,2,1,1,1,2
1139,0,0,0,1,0
64,1,1,0,1,0
1084,3,0,0,0,0
2214,3,2,1,1,1
1120,0,2,2,4,0
1729,0,1,2,1,0
555,1,3,0,0,0
2685,0,2,0,0,1
232,0,0,1,2,1
354,2,0,2,3,1
2298,0,0,2,1,1
263,0,1,0,0,0
677,0,0,0,0,0
3866,0,3,0,1,1
27,0,2,2,0,2
2056,1,1,1,0,2
410,1,3,0,2,1
2722,1,1,1,2,0
1258,1,0,2,0,4
3613,0,2,1,0,0
2112,0,0,0,0,0
3280,0,2,5,2,0
2584,0,1,1,0,0
3569,0,0,2,3,1
1045,2,0,2,3,1
3961,0,1,2,1,0
3347,3,1,0,1,1
1492,2,0,3,0,1
3791,1,1,1,0,0
2354,2,2,1,2,0
3008,1,3,2,0,0
3735,0,0,0,2,2
2378,1,0,2,0,1
1868,1,3,0,0,3
126,0,0,0,2,3
1651,0,0,2,0,1
1136,0,0,0,0,0
2241,3,1,2,2,0
3463,0,0,1,0,1
2606,1,0,1,0,2
3137,0,3,1,0,0
3554,1,0,1,0,2
2744,1,0,1,1,1
1530,2,0,2,1,1
2122,0,0,0,1,1
1976,0,0,1,0,1
1425,0,0,0,1,0
2005,0,1,0,1,3
1794,2,4,0,2,2
1940,0,4,2,1,0
367,4,2,0,0,1
2465,1,3,1,0,1
2880,1,0,2,2,0
664,0,4,0,2,0
270,1,0,1,1,0
87,0,0,0,1,1
2499,3,2,4,0,0
51,1,2,0,1,1
2152,2,1,0,1,0
2915,0,2,0,2,1
1217,0,1,1,1,2
197,0,1,1,1,0
357,1,1,2,1,3
763,1,1,0,0,1
1892,3,3,0,0,0
2830,0,0,0,2,3
3193,0,0,0,1,0
3105,1,2,0,1,0
1769,0,0,1,0,0
2635,0,0,0,0,1
1359,0,0,1,0,1
582,0,2,1,2,0
1595,0,0,0,1,2
3970,1,2,0,0,0
2171,1,1,1,0,2
3711,1,0,3,2,1
2242,0,0,1,0,0
3570,2,1,0,3,0
822,3,2,1,3,1
393,2,3,1,2,0
1332,0,4,0,0,0
2151,3,1,3,1,0
2553,0,2,0,0,1
1665,0,0,2,1,1
3030,0,3,2,0,2
1597,0,2,1,2,2
1445,2,1,2,2,0
1133,1,1,0,0,1
37,1,4,1,0,2
1774,0,3,1,0,1
455,4,3,0,1,1
2079,2,0,1,4,1
1645,0,1,0,0,3
804,1,1,0,1,0
1887,1,0,2,2,1
3216,0,2,1,2,3
757,1,0,2,1,2
3116,3,2,1,0,2
330,1,1,0,1,1
1633,0,1,1,1,1
976,2,5,1,5,2
1613,1,3,1,1,0
1669,3,0,0,3,1
1801,2,1,0,1,0
2340,1,1,1,0,0
3913,2,3,1,1,0
2602,6,0,1,1,0
1869,1,2,1,0,0
1057,2,0,2,1,1
2180,0,1,1,1,2
2594,0,0,0,0,1
1978,1,1,2,2,2
3326,2,2,2,2,0
1021,2,0,1,0,3
941,0,1,0,2,0
1225,0,1,1,0,1
3764,0,1,1,2,1
3298,1,0,3,2,1
2464,1,0,4,3,2
2948,1,2,1,3,3
3442,0,0,0,4,4
781,0,1,0,0,2
3141,0,1,1,0,1
3148,0,0,3,0,1
440,0,0,1,1,0
2217,0,3,0,0,0
2678,0,1,0,3,3
2426,3,0,0,3,1
273,1,1,2,1,0
2094,2,2,0,0,2
2343,0,0,1,1,0
1141,1,0,1,1,0
3788,1,2,3,0,1
2347,0,0,0,1,1
1218,4,2,1,3,0
31,0,2,1,3,2
1522,1,2,0,3,1
3728,4,1,0,3,1
311,0,1,0,2,1
3067,1,2,0,1,0
2233,1,1,0,1,2
2638,3,4,0,1,1
3348,0,2,1,1,1
3602,4,3,2,0,3
988,2,0,3,2,0
2795,2,1,2,3,1
3009,2,2,0,5,2
1250,0,0,1,0,2
2937,1,4,0,1,2
1082,0,2,0,0,0
145,1,0,0,4,4
3520,3,0,0,2,0
868,0,0,1,0,0
1204,1,1,1,3,2
1840,2,1,0,2,0
415,0,0,1,0,1
70,3,1,0,0,2
2860,1,0,0,2,0
1642,0,0,0,0,2
2904,2,2,1,0,4
3518,2,0,0,1,5
2009,0,1,1,1,0
3750,2,2,1,1,1
1742,1,0,0,0,1
3244,3,5,1,0,1
2474,1,1,1,5,0
3854,0,2,0,2,2
707,1,0,0,1,2
2372,0,0,0,2,1
660,1,1,1,0,0
2787,3,0,0,1,2
3268,1,1,1,0,2
3870,1,1,0,3,1
2536,3,1,0,5,2
3047,0,0,1,2,2
3846,2,2,0,3,3
3464,1,1,2,1,2
3892,2,1,0,1,4
3781,0,3,2,3,2
1899,4,3,0,3,1
1483,2,1,0,1,2
909,0,0,0,1,0
302,3,1,2,0,2
3183,0,0,0,0,0
647,0,1,0,2,0
1433,3,0,0,0,4
3849,0,0,2,2,0
2962,0,0,2,1,0
3293,0,0,0,1,1
3681,1,1,1,3,1
793,0,1,0,0,0
530,1,3,0,1,0
543,0,5,2,0,4
840,0,0,1,1,2
1763,2,0,0,3,3
3178,1,0,0,0,1
128,0,1,0,1,0
2210,2,3,0,1,0
669,0,0,1,1,2
1681,2,1,0,0,0
986,0,2,0,1,1
3934,2,0,0,0,2
2984,0,0,1,0,3
3726,1,0,0,1,0
2489,2,0,1,1,1
351,5,1,1,2,2
2029,1,0,0,0,0
2480,0,0,2,0,0
3205,4,0,1,2,3
81,2,3,1,1,0
1001,0,3,1,1,1
2657,0,0,0,2,0
776,1,1,2,1,1
2073,1,1,0,0,0
3587,2,1,0,0,2
368,1,0,0,2,3
3005,0,2,1,1,2
3240,0,1,0,2,2
1577,2,1,0,1,0
3352,1,3,1,1,1
1859,2,0,1,2,4
698,1,2,0,1,2
3700,0,1,1,1,2
39,2,0,1,4,2
2160,0,1,3,2,0
242,0,3,3,1,0
3046,0,2,1,0,3
3598,2,1,2,2,0
3640,2,0,2,0,1
2055,3,4,1,1,3
759,0,1,0,2,2
3680,0,0,0,2,2
1447,0,1,0,1,4
2757,2,1,0,0,1
1518,0,1,0,4,2
1080,2,1,4,1,0
960,3,4,0,0,0
1951,2,1,1,0,2
742,0,0,0,1,3
1226,0,1,2,1,1
2086,0,0,1,1,3
211,1,1,0,0,2
3858,3,3,0,0,0
2337,2,0,0,2,2
93,2,3,0,0,1
887,4,0,1,2,4
3188,1,0,2,2,0
1060,1,0,2,3,1
581,1,5,1,3,0
3200,1,1,2,1,1
950,1,2,1,0,1
469,1,1,0,2,1
3623,0,1,2,0,5
1913,0,0,0,3,0
3600,1,3,1,3,0
3363,0,0,1,1,1
2443,3,2,3,3,2
1849,1,0,0,0,1
1104,0,0,0,1,1
471,0,2,1,2,0
3650,3,2,0,2,4
465,2,0,4,0,0
1249,0,0,0,2,5
2989,0,2,0,2,1
1987,0,3,2,3,0
2784,2,1,1,6,2
628,1,4,0,0,0
484,3,0,1,3,2
1075,4,1,2,0,0
1679,2,2,0,1,4
2576,2,0,1,1,1
1417,0,3,2,0,0
3468,1,1,0,0,2
2862,2,1,0,0,0
3926,1,1,2,0,3
3753,0,2,1,0,1
1404,1,2,0,1,0
720,0,3,0,3,2
26,0,0,1,2,2
1220,2,0,0,0,0
1441,2,0,2,1,1
384,1,1,2,1,2
3367,0,0,2,1,2
3826,0,4,1,0,0
2502,2,4,1,0,2
2671,2,0,1,1,1
2668,1,4,0,2,3
3954,0,4,1,2,2
3979,0,1,0,1,0
38,3,3,0,1,2
356,2,0,3,0,0
689,0,0,1,2,0
1276,0,0,2,2,2
2600,2,1,2,1,2
3577,3,0,0,0,0
1375,0,1,0,1,0
962,1,0,1,2,0
1074,0,0,0,1,0
3532,0,0,1,2,1
3079,0,0,1,0,2
2651,1,2,0,2,0
2630,1,2,4,1,0
534,1,4,1,0,0
551,2,0,0,3,2
721,1,0,0,4,2
2786,1,2,1,2,1
2439,0,1,0,5,3
1264,0,2,1,2,1
2305,0,1,1,0,0
3228,2,1,1,0,2
2302,0,4,2,2,1
2124,0,1,2,0,1
2796,0,0,3,4,2
3684,0,2,2,0,0
2642,3,2,1,2,0
1548,4,2,1,2,0
2296,0,3,1,2,2
1708,0,1,1,0,1
724,0,1,1,0,4
2368,3,0,3,2,1
685,0,0,0,2,0
1858,2,0,1,1,2
3029,0,2,0,3,2
3881,2,1,0,2,5
754,1,3,1,1,2
3264,3,0,2,2,0
443,0,0,2,1,0
3633,0,1,2,1,2
3017,3,0,0,6,3
2895,0,2,1,3,2
3312,0,1,0,1,1
1158,2,1,1,2,1
3300,2,0,0,2,2
2654,0,3,1,3,1
980,0,3,0,2,0
838,1,0,0,1,2
1772,5,1,1,3,5
2649,1,3,0,3,1
3947,2,4,0,4,0
2703,2,3,0,0,1
1926,3,0,2,0,0
3586,0,0,0,0,1
3192,1,2,0,0,1
760,0,0,0,0,0
1374,2,1,0,4,1
1564,0,1,1,2,4
2554,0,0,1,0,0
1850,2,2,0,3,0
2168,3,2,1,0,0
1037,1,1,0,1,2
3129,0,0,1,1,1
565,1,1,1,0,0
1550,1,0,0,1,2
3122,0,0,1,0,0
2283,0,0,2,0,0
1657,1,2,1,2,0
3082,1,2,0,0,1
3601,0,3,2,0,0
1805,1,0,2,3,0
1874,2,0,1,0,0
2908,4,5,0,0,0
3453,1,0,1,1,1
3683,2,2,0,2,5
3763,0,3,0,1,0
2976,0,1,0,0,3
3889,0,1,0,0,0
1543,4,2,3,3,1
2092,2,3,0,1,3
2479,0,0,0,1,2
1148,2,1,1,1,0
1435,0,2,0,1,0
738,0,0,1,4,3
3619,3,1,0,1,4
324,0,3,3,0,1
2017,1,3,3,4,1
1907,0,0,0,1,1
3425,0,1,0,0,1
2839,0,0,1,0,1
2316,2,2,1,1,0
3114,1,0,0,0,0
1983,3,0,2,2,3
167,0,0,1,0,2
3151,0,0,1,0,0
899,3,2,3,0,2
2150,0,1,3,0,2
1584,0,0,1,0,0
3972,0,0,0,0,0
470,1,1,1,0,0
2461,1,0,2,0,1
3078,1,1,0,0,0
1051,1,2,0,0,0
602,0,0,0,0,1
1486,0,1,1,0,1
1493,2,0,0,1,2
456,2,2,1,1,1
716,2,0,0,1,2
2472,0,0,0,0,4
192,0,0,0,1,0
396,1,1,0,0,1
278,2,1,1,0,0
1402,0,0,1,2,0
2720,0,1,1,2,1
3142,0,3,1,2,0
1821,1,0,0,2,0
376,0,0,2,0,0
3534,0,0,2,1,1
2770,0,1,0,1,1
2846,1,3,1,2,0
1152,4,1,0,3,2
1202,0,1,0,2,3
1067,0,3,2,0,0
639,0,0,1,0,3
303,3,0,0,1,0
417,2,1,0,1,5
2493,1,0,0,0,2
3798,1,1,0,1,0
3242,3,0,2,2,4
2402,0,2,2,4,0
210,0,0,3,1,0
1540,0,2,1,0,0
504,2,1,1,0,0
2181,2,2,0,1,3
3304,1,1,1,0,0
3265,1,1,1,0,1
1111,0,0,0,0,0
967,1,0,3,1,0
1151,0,2,0,1,0
397,0,2,3,3,0
2525,1,3,0,1,0
1701,1,0,2,1,0
2254,4,0,0,3,4
1146,1,1,1,0,4
2281,2,0,1,3,5
1710,2,2,2,2,1
3153,1,2,2,0,1
3502,0,2,0,2,1
3289,2,0,0,0,3
402,1,0,1,0,0
2336,2,0,0,0,2
1960,1,1,1,0,0
2394,1,1,1,2,0
2599,1,1,1,0,1
205,2,1,2,1,1
1305,0,4,3,1,2
3908,2,2,0,2,1
2115,2,2,0,4,4
3439,2,3,4,0,0
3487,0,2,0,1,1
481,0,0,1,1,2
2311,1,3,1,1,0
3349,3,1,0,2,3
828,2,3,0,0,1
684,1,0,0,1,2
3311,0,1,3,1,2
3131,0,2,1,0,0
2324,1,3,0,1,0
2661,1,0,0,3,5
1183,2,1,4,0,0
194,0,1,0,0,0
510,1,1,2,2,0
3555,0,1,0,2,0
2656,0,3,1,1,1
3662,2,4,0,3,3
3992,2,0,0,1,0
2111,1,2,2,3,0
940,2,3,1,1,0
1891,0,2,3,1,0
3523,1,1,2,0,2
1200,2,1,0,0,4
573,5,1,0,1,2
3638,2,1,1,2,2
1007,1,5,3,3,1
3232,1,4,1,2,0
345,2,0,1,2,2
224,0,0,0,0,2
1818,0,0,0,3,1
2621,0,1,0,0,3
1170,1,1,0,0,1
3543,1,2,1,2,1
3589,1,0,2,0,2
3160,2,0,0,0,1
2646,0,0,1,1,3
1456,0,0,1,2,2
1677,1,0,0,1,3
111,0,0,2,1,0
655,1,1,1,1,3
2810,2,1,1,1,0
559,0,0,1,1,1
2516,1,0,1,0,3
1280,1,1,0,2,3
3295,1,0,0,0,0
1516,3,0,0,2,2
964,1,3,0,3,0
1562,0,1,1,0,2
3508,2,1,0,2,3
3365,0,2,0,0,2
2614,1,2,0,1,0
620,1,2,0,1,0
321,0,2,1,1,0
115,1,0,2,2,1
2952,1,0,2,0,0
1421,1,4,1,2,3
2383,0,0,1,0,1
1463,3,4,5,1,0
3647,0,0,1,1,2
2779,2,2,1,1,1
3517,0,4,2,1,0
1353,0,0,0,1,2
1513,1,0,1,2,0
3856,0,0,1,2,1
1693,0,1,0,0,0
3389,0,0,2,1,0
209,1,3,0,0,2
1091,1,5,0,4,1
247,5,0,3,1,0
3483,1,2,0,1,0
3245,0,1,1,0,0
2342,1,1,1,1,0
1938,2,3,0,1,2
675,1,0,0,0,0
3285,0,0,1,0,2
584,1,1,0,0,0
1443,2,3,0,3,0
123,1,1,2,2,0
1465,2,1,1,1,4
1316,4,3,3,0,4
1847,1,2,0,0,0
176,2,2,1,1,0
2730,0,0,0,0,1
1238,1,4,1,1,4
1424,1,0,1,1,1
2931,0,1,1,0,0
961,0,2,3,1,1
952,0,0,0,0,2
2384,0,1,1,2,1
3167,1,1,1,0,1
18,1,2,3,0,2
2416,0,2,0,1,3
2074,0,0,1,3,0
3673,0,1,1,0,2
3582,1,1,2,2,1
3440,5,2,1,0,0
403,0,0,0,1,1
2037,0,3,2,1,0
2632,4,1,1,3,3
75,1,3,1,2,1
603,3,1,2,0,0
1656,1,0,2,2,0
2650,2,4,0,2,0
2528,0,2,1,1,1
2084,0,1,1,0,2
794,0,0,5,0,1
1948,1,1,1,1,0
2719,0,1,0,1,2
2841,0,0,2,1,0
586,0,1,1,0,1
2555,0,0,1,3,4
3620,1,1,1,0,1
1358,2,3,0,1,3
2159,1,0,1,1,0
2335,4,1,2,0,0
2512,0,1,1,2,2
3921,1,2,1,3,2
1692,2,2,0,0,1
2391,1,0,0,1,2
2022,2,1,1,1,0
381,1,0,0,0,4
3984,0,0,1,2,0
902,1,2,0,0,3
1059,2,1,0,0,2
3480,1,0,2,2,1
2999,1,0,1,1,1
17,4,0,2,1,1
1820,2,0,2,2,1
1189,2,1,1,3,1
3197,1,0,0,2,5
219,2,2,0,0,1
3032,2,3,0,0,1
2776,1,3,1,0,1
645,0,0,3,1,1
2641,0,0,0,2,0
3309,0,1,0,0,1
3066,1,0,1,2,6
3617,1,3,1,1,1
569,1,1,0,1,1
498,1,0,0,0,1
1395,2,0,3,3,2
1745,0,0,2,0,1
214,1,3,2,1,1
1750,0,0,1,0,0
3920,1,2,0,4,4
2224,0,0,1,1,0
579,1,0,1,0,3
1434,1,3,0,0,2
3648,0,0,0,0,2
2733,0,4,0,1,0
3995,1,3,0,1,0
2509,0,2,0,0,0
2838,1,5,0,1,0
2097,0,0,1,1,4
2154,0,1,1,0,0
2060,0,0,1,4,1
1039,4,0,2,2,2
3792,1,0,0,0,1
364,1,0,1,0,3
2781,2,2,1,1,3
2834,2,2,0,2,1
3747,0,4,1,1,1
1459,2,2,1,1,2
1013,0,0,2,3,3
1122,1,1,0,3,1
2884,0,0,0,2,0
1265,3,1,1,3,2
478,0,1,0,1,0
2442,0,0,0,1,2
3479,0,0,0,1,2
1846,0,1,1,2,2
1099,0,1,3,3,1
858,1,2,0,2,4
1499,0,0,0,1,0
3744,3,0,0,2,5
2440,0,1,2,0,2
2543,0,1,1,0,0
3794,1,1,0,0,2
1655,4,3,2,1,2
1383,1,2,2,4,0
3015,0,1,3,2,0
1121,4,1,1,0,1
2932,3,1,0,1,0
3458,3,0,2,1,1
3799,2,3,2,1,2
1594,0,2,1,0,4
2929,1,1,0,3,3
518,1,3,3,1,2
3796,0,0,1,0,0
3433,0,0,0,1,0
2875,0,5,0,2,0
212,3,1,2,1,2
229,0,0,1,2,0
3107,2,0,1,0,1
3663,0,2,0,0,2
1806,0,0,2,1,1
1344,1,0,1,2,3
2982,1,1,0,2,1
921,1,2,0,1,0
3717,4,2,1,1,0
1555,2,2,0,1,1
201,0,2,0,2,3
2567,2,2,2,0,0
2694,0,1,0,0,3
3978,1,1,0,0,2
869,0,3,0,0,0
1243,2,1,1,2,0
3661,0,0,3,0,1
1180,0,1,0,0,0
1634,0,1,0,0,1
2731,2,3,1,0,0
678,1,3,1,0,2
3758,0,2,0,0,2
1778,2,0,1,0,2
3639,1,1,3,0,0
3405,2,1,0,2,0
550,2,3,1,2,0
3485,2,2,2,0,0
1673,0,1,0,1,3
2665,1,2,0,3,4
957,2,2,1,1,1
3742,2,0,0,1,2
3861,0,0,2,2,0
2585,1,0,0,2,3
36,0,1,1,1,1
2071,1,2,0,0,0
239,0,1,1,1,0
2960,0,1,0,1,1
1666,0,0,1,1,3
1731,0,2,1,1,2
2684,1,0,3,2,0
2068,0,0,1,0,0
3882,1,0,2,2,1
2991,2,0,0,0,1
2249,1,3,1,1,1
284,3,1,1,0,0
3865,0,0,0,1,0
2057,1,0,2,2,2
1043,1,1,2,2,0
3414,1,2,2,0,2
1368,1,3,1,0,2
2814,1,2,0,3,2
2319,3,2,0,1,1
1918,0,1,0,3,3
911,2,0,1,0,1
3320,2,0,2,1,1
2906,2,0,0,0,4
933,0,0,0,0,0
1407,1,0,0,0,1
1041,3,3,0,2,0
398,1,0,3,3,0
3310,0,2,3,2,1
3695,0,0,0,2,2
2631,0,3,0,3,0
3071,1,2,3,2,0
3905,1,3,0,2,3
615,1,3,1,3,2
805,0,0,1,2,0
2992,0,1,3,2,0
3430,1,0,0,0,1
699,0,2,0,1,1
243,0,1,0,0,0
3670,1,3,2,0,2
1784,0,1,0,1,4
1527,1,0,2,0,2
2852,4,2,4,1,3
3773,0,2,2,2,0
1231,2,0,0,0,4
151,0,2,2,3,0
3951,1,1,0,1,2
3467,1,2,1,2,1
314,1,2,2,1,1
2507,0,4,2,1,1
2485,4,4,1,3,2
2043,2,1,0,1,1
374,1,2,1,1,0
1471,0,0,2,3,1
1601,4,3,1,1,0
2777,0,0,0,1,2
1393,0,0,0,0,0
1470,1,1,0,4,3
2626,1,0,1,2,0
20,2,3,0,4,0
1514,1,1,3,1,2
3128,2,3,0,1,0
3283,3,0,1,1,4
3739,2,2,1,0,1
2396,0,2,1,0,1
3252,1,4,1,0,0
85,2,2,1,0,1
1558,2,1,1,3,3
3507,1,1,0,0,0
3491,0,0,1,0,1
965,0,2,0,0,1
482,1,2,1,0,1
2897,0,1,0,1,0
3910,0,1,0,1,3
739,0,1,1,1,0
1526,0,2,2,2,0
3404,2,2,0,0,0
3338,0,2,1,0,0
3898,1,0,0,2,4
2778,0,0,1,1,1
1755,1,2,2,2,1
1678,0,1,1,0,0
3679,0,2,0,3,2
3525,3,4,0,0,0
3070,1,0,0,0,0
44,2,2,1,0,2
2914,1,2,0,1,5
235,0,3,0,1,1
3399,0,1,1,0,0
3051,0,1,2,0,2
741,0,1,4,1,0
280,1,3,0,1,0
3956,2,1,2,1,1
640,0,0,0,0,0
1966,0,1,0,1,1
3800,1,1,1,1,1
3156,1,1,1,2,1
3862,0,3,0,1,0
1920,2,1,1,1,0
2410,1,3,0,3,2
2006,0,0,2,5,2
1893,1,0,2,2,1
1866,0,0,3,4,4
3198,1,2,0,2,0
1737,0,2,1,2,2
2526,0,2,0,1,3
1380,0,1,0,1,0
1237,3,0,0,0,0
1515,1,1,0,1,1
3224,0,1,0,2,1
3789,2,6,0,0,0
810,3,1,0,3,2
2645,0,1,2,0,1
2364,1,0,1,0,1
2032,0,0,2,2,1
1385,1,0,0,1,3
3872,2,4,1,0,2
2192,0,3,0,2,0
1697,0,1,4,3,0
1234,0,0,1,0,0
1036,1,1,0,0,0
2900,3,1,0,0,2
3087,1,1,0,2,2
3403,0,1,0,2,2
2365,1,3,3,4,0
3133,0,3,0,0,1
1722,1,0,1,1,2
237,1,0,1,1,0
895,3,1,3,2,0
1739,4,2,0,1,1
526,6,0,1,3,1
1484,0,2,0,3,1
3472,0,1,0,0,0
150,3,0,1,2,1
3877,3,3,0,2,0
2702,0,0,0,2,1
3783,2,3,2,2,0
545,0,1,1,1,0
2019,1,2,0,1,0
2301,2,3,1,0,2
3762,3,3,0,0,2
2691,4,6,0,2,1
3516,0,0,2,0,1
2130,1,0,3,0,0
2634,1,2,1,0,1
3261,0,0,0,2,0
1864,4,2,1,1,0
796,0,0,1,0,0
2659,0,1,0,1,1
3884,2,0,1,0,0
3408,2,0,1,1,0
2240,2,2,1,2,1
752,2,0,1,1,0
1270,1,2,0,0,0
2750,0,0,3,0,1
3893,0,1,1,0,0
3435,3,1,1,1,0
1304,1,0,2,1,0
1063,0,3,2,0,1
3006,0,2,1,0,0
2611,0,2,0,0,0
1683,1,0,0,2,0
3182,3,2,0,0,0
1712,2,5,0,0,2
2424,1,4,0,0,0
2508,0,0,0,1,1
907,2,0,1,0,3
595,1,4,1,3,0
814,1,0,2,1,1
2790,3,2,1,0,1
476,1,1,0,0,1
255,0,0,2,1,0
2314,3,4,1,1,1
1528,0,0,1,2,0
1203,3,1,1,2,3
3572,0,3,0,0,1
74,1,1,0,1,1
2273,0,1,2,1,2
2628,2,1,1,2,1
3195,1,1,0,1,0
1706,1,0,0,0,1
1188,3,3,2,0,0
1341,3,0,0,4,4
479,1,0,0,0,0
1998,0,0,2,1,0
2788,1,1,1,0,1
267,2,4,0,1,0
2746,3,2,2,1,0
3539,2,3,1,0,1
1944,0,0,1,0,0
2114,2,0,0,1,2
1790,1,0,0,2,1
2996,0,0,0,1,1
2177,0,0,0,1,1
597,0,0,1,1,0
1684,1,2,0,2,1
1089,1,2,1,1,3
109,3,0,0,1,0
1301,1,0,3,3,0
1343,0,0,1,0,2
3185,0,0,1,1,1
511,1,1,1,0,3
2909,0,1,0,1,0
2054,2,2,0,2,3
3202,2,3,2,0,2
2998,1,0,0,0,4
1102,0,1,1,0,0
1963,0,2,2,0,0
2643,0,1,1,0,0
512,2,0,3,3,0
856,0,4,0,2,2
3636,0,3,3,2,0
1477,3,1,0,2,1
1298,0,1,1,2,3
1950,0,3,1,0,0
3305,2,0,1,0,1
1812,0,1,2,2,1
3616,0,0,1,0,1
3207,0,2,0,0,0
2717,1,2,3,1,0
1924,0,0,0,2,2
2861,2,1,2,0,1
1545,1,0,1,0,1
1212,3,5,2,2,1
426,0,0,0,1,1
621,4,1,1,1,4
1126,1,0,1,0,0
1751,1,1,1,1,0
3101,1,2,0,0,0
3271,0,1,0,1,0
2761,0,2,2,0,0
996,4,1,2,1,2
21,0,1,7,1,2
3069,0,1,1,0,0
994,1,0,1,1,1
120,0,1,2,0,1
3973,6,0,4,1,3
213,0,0,2,3,3
3459,4,1,0,2,1
663,1,1,2,5,2
1967,3,2,0,2,1
1115,1,0,0,0,1
3974,0,0,0,1,0
942,0,0,3,1,0
3391,2,0,0,2,2
841,0,1,0,4,1
983,2,0,2,4,4
3627,2,1,2,1,0
3677,1,1,0,1,1
1014,0,1,0,0,0
2773,0,0,1,0,0
3019,0,1,1,1,0
2389,3,0,1,1,3
521,0,2,0,0,0
2803,0,0,0,2,2
2388,4,0,0,4,3
1055,1,1,1,1,0
3551,0,0,1,0,3
3745,1,0,0,0,2
2101,0,0,0,2,3
3909,1,0,3,2,1
3692,0,1,0,0,1
2061,1,2,0,1,3
1505,0,1,1,1,0
801,2,4,0,3,0
2987,0,1,0,2,1
862,3,0,0,3,2
3057,4,1,0,1,4
1809,1,2,0,1,0
745,0,0,0,1,2
3686,0,1,2,2,2
1472,2,2,0,1,0
1652,1,2,2,3,4
2050,0,0,0,1,1
1916,0,0,0,0,1
2887,0,1,1,2,1
1785,2,0,2,0,0
2496,0,2,0,0,0
3603,2,1,0,3,1
2563,2,0,3,3,0
878,0,2,0,1,1
430,0,5,2,3,1
3654,2,0,0,1,2
939,0,2,1,0,1
9,0,4,0,0,2
3313,1,1,0,0,2
2375,0,2,0,0,0
2619,0,0,2,1,1
2291,2,3,0,3,2
1795,0,1,0,0,0
1618,2,1,0,0,0
997,0,4,0,2,1
2698,0,0,1,0,2
3658,2,0,0,3,1
3559,1,1,2,0,3
2580,1,0,0,1,0
638,1,0,0,2,0
3481,2,1,1,0,2
3407,3,0,2,1,1
3023,0,0,0,0,1
3819,2,1,0,4,1
1248,3,4,0,0,1
14,0,1,0,1,1
3579,0,4,2,0,0
35,2,4,0,1,0
1525,2,2,3,1,1
3152,0,4,1,3,0
1538,1,0,0,4,4
2523,1,1,1,1,2
2688,2,1,1,0,1
1767,3,3,1,0,3
1919,5,5,1,2,0
2099,0,0,1,1,1
2925,2,2,0,0,1
322,0,4,0,3,0
3361,0,2,0,0,2
3754,3,2,2,0,1
1882,0,2,2,3,2
1206,0,2,0,4,1
3329,0,1,1,0,0
3952,1,0,1,1,2
3090,4,1,1,1,5
1756,0,1,2,0,1
2542,0,1,1,2,0
3665,0,1,2,0,1
2312,0,1,1,6,3
1816,1,0,0,1,0
127,0,1,0,3,4
3888,0,0,0,2,2
1296,0,1,2,1,0
1856,1,0,1,0,0
993,1,2,1,0,2
1283,4,0,5,2,2
1979,1,1,1,1,2
3058,0,0,0,2,1
3494,1,3,5,4,0
1972,1,2,1,0,2
1162,1,1,1,1,0
175,0,2,0,1,2
1800,1,1,0,1,0
373,1,0,1,0,0
2754,4,2,1,2,1
168,0,1,3,0,1
3537,1,2,0,1,0
2561,2,1,0,2,2
3771,2,0,1,2,3
1743,0,1,1,1,1
3723,0,0,1,2,1
3748,1,2,0,3,0
2449,0,0,1,0,2
2018,1,1,0,2,0
1696,0,2,1,1,2
1836,1,0,2,2,2
3767,0,0,1,1,1
3321,0,1,0,2,3
1415,0,1,2,1,3
3897,0,1,1,0,1
2399,1,0,0,1,1
1643,0,0,3,0,0
2126,0,2,1,1,6
1612,0,0,1,1,1
3164,3,2,6,0,0
2207,0,1,2,0,0
590,1,2,1,0,0
2615,0,2,1,0,0
946,1,0,0,0,1
8,3,0,1,2,4
172,0,0,1,0,0
2089,1,3,0,1,2
3593,2,2,0,0,1
2345,3,0,0,2,3
2913,1,1,2,2,1
631,0,2,1,1,0
2325,1,0,2,2,0
3668,2,1,0,1,1
3411,0,2,1,0,0
41,2,1,3,0,2
3493,3,4,0,0,1
3875,2,2,2,0,2
2248,1,2,0,1,2
2556,1,2,1,1,2
1,2,3,1,0,0
1282,0,1,1,1,0
894,1,0,0,1,1
871,1,1,0,3,5
2448,1,0,1,2,2
3790,0,0,1,1,0
2506,1,1,0,0,0
1034,0,2,2,0,1
2949,3,2,1,1,0
256,1,0,1,0,1
1451,1,2,0,2,1
1906,2,0,2,1,1
3356,1,2,1,0,1
1378,1,1,0,2,4
2211,2,1,1,1,1
3299,0,0,2,3,4
560,0,3,0,0,1
1671,0,0,1,0,1
100,0,0,1,1,0
1796,1,0,0,3,5
3366,0,1,0,4,2
3917,4,0,3,0,6
419,4,0,0,5,1
2627,1,0,2,1,0
2813,1,1,2,2,1
1851,0,1,0,0,0
3787,0,0,3,1,2
1207,1,0,0,1,1
925,1,1,0,1,3
3842,1,1,0,1,1
2087,2,0,1,0,1
3964,1,5,0,1,0
1614,1,0,0,3,4
825,0,3,1,0,0
2793,2,2,0,2,0
623,0,1,0,0,0
3907,0,1,2,0,2
3315,0,0,1,1,3
296,0,0,1,1,3
3628,0,1,0,1,1
1780,1,0,0,1,2
1031,0,1,1,0,2
2876,2,1,0,0,2
3510,1,1,0,1,1
1628,0,0,0,0,0
2390,4,1,0,3,1
2597,0,1,2,1,0
2415,0,1,0,0,0
2886,0,0,0,0,1
223,1,2,3,3,1
2201,0,0,1,2,0
2540,3,2,0,6,3
1661,2,0,2,1,2
2690,1,1,1,0,0
3450,1,0,0,2,1
1551,3,0,2,3,3
1542,0,1,2,1,0
292,1,2,2,1,0
2277,1,0,2,0,0
3552,1,2,0,0,1
821,0,0,0,1,2
491,0,2,3,0,0
344,1,1,0,2,2
3448,1,0,1,0,1
1262,0,0,2,4,2
2715,2,1,0,3,4
3824,1,0,2,0,0
3725,4,3,2,3,0
3219,3,4,0,1,3
2564,2,2,0,2,0
1153,1,1,0,1,2
3010,1,1,1,5,0
1984,0,4,0,1,0
1964,1,0,0,0,0
400,0,1,0,2,1
2739,2,1,0,1,3
503,0,1,1,0,0
1748,1,1,0,0,0
2873,0,1,0,0,0
3462,1,3,0,2,3
2158,1,1,2,0,0
217,0,0,0,1,2
3596,0,2,0,2,2
349,2,0,1,0,4
3642,1,2,0,3,4
2743,0,0,0,1,1
2700,2,0,1,4,2
1103,2,2,0,0,3
1943,0,0,1,1,2
1379,0,0,0,0,2
103,0,0,0,2,1
3900,2,1,1,1,2
3822,0,0,0,1,0
104,0,1,1,0,2
1973,0,3,0,1,6
2501,0,1,1,2,3
3113,0,0,0,0,2
1832,3,1,1,1,3
2223,0,0,0,2,1
3669,1,0,0,1,2
385,1,3,0,1,0
836,0,1,2,3,0
2359,2,3,0,2,0
2021,1,0,0,0,0
574,4,3,1,3,1
2883,1,0,2,0,0
1496,1,3,1,1,0
3043,1,0,1,1,2
1804,0,1,1,2,0
540,0,0,0,0,1
3061,0,1,1,1,0
3809,2,3,2,0,0
2456,1,2,0,1,0
719,0,0,1,0,0
307,2,1,0,1,2
2945,1,0,1,0,3
1507,3,1,1,0,0
3489,0,0,1,1,3
3203,1,0,2,2,1
1695,2,0,4,2,0
2407,1,0,0,0,1
2604,2,3,0,2,0
2577,0,0,1,2,1
683,3,0,2,2,1
2905,0,0,0,0,1
2344,3,3,1,0,0
770,1,0,1,0,2
2821,0,0,1,1,0
3891,0,0,1,1,3
867,2,0,2,3,0
733,1,3,2,2,2
248,1,2,0,1,1
3374,1,0,3,0,3
23,0,2,1,0,2
2058,3,3,1,0,0
3461,1,3,1,0,2
594,0,1,0,0,0
2928,1,1,0,0,0
3369,0,0,2,1,0
2016,0,2,1,1,1
1340,1,0,1,0,0
927,2,2,1,3,2
681,0,0,2,1,1
1254,1,2,2,2,0
2363,2,0,0,1,2
1925,0,0,0,1,0
3629,1,2,4,0,0
329,1,5,0,0,0
2589,0,3,0,0,2
985,2,0,0,1,1
1764,1,1,3,2,1
1853,2,3,1,2,2
3994,2,0,1,1,1
3843,2,2,1,0,0
955,0,2,0,0,0
1937,1,0,0,0,0
674,0,0,3,3,2
1221,0,3,0,2,0
2669,0,1,0,2,1
369,2,3,2,0,1
3443,0,0,0,0,1
1837,2,2,2,0,2
114,2,2,0,3,5
3693,1,1,0,2,0
2310,1,0,2,0,0
1958,0,0,0,2,2
2237,0,4,0,1,1
3937,0,4,2,1,0
3713,2,0,1,1,0
3235,1,0,0,0,1
2752,1,0,2,0,0
362,0,0,1,2,2
3581,0,0,1,2,2
1689,0,1,0,2,4
2194,0,0,3,0,0
892,1,0,2,1,0
1123,0,2,0,1,1
2605,1,1,1,1,3
1069,0,2,0,3,0
3199,0,1,0,0,2
353,1,0,0,2,2
1056,1,3,0,0,0
1537,0,3,0,4,0
3081,0,0,2,2,0
3272,0,2,1,0,0
2341,0,1,4,3,2
1954,0,4,0,1,0
557,1,0,0,2,2
2187,1,0,2,0,3
3345,0,0,0,2,1
2837,4,1,3,0,3
1936,0,1,0,2,0
3806,1,5,3,3,1
513,0,0,0,0,1
1346,1,0,0,2,0
954,4,1,0,0,1
1245,3,3,3,3,1
1811,0,0,1,2,0
132,0,2,0,0,0
820,0,0,3,6,3
2936,3,0,0,2,4
1752,3,4,0,2,1
134,3,2,1,0,3
2282,0,1,2,0,2
2322,1,1,0,4,0
818,0,0,0,1,3
2445,0,1,1,1,0
3144,2,0,1,0,2
2119,2,4,0,1,0
388,0,2,2,1,0
2189,3,4,1,2,2
971,1,3,0,2,2
1900,3,2,3,0,0
3451,2,2,1,0,0
1292,0,1,0,0,0
2804,0,1,1,1,2
414,0,2,1,1,0
2824,3,5,1,2,2
2587,1,0,1,0,3
1867,1,0,2,1,3
1461,3,1,1,0,3
729,0,0,1,1,3
3997,2,2,0,2,1
3592,1,0,2,5,1
453,0,1,0,1,2
3191,1,1,0,0,1
155,0,2,1,0,2
2051,3,0,0,0,4
1064,0,0,0,0,1
598,0,2,1,1,1
3694,0,1,3,1,1
2764,0,1,0,1,0
1877,0,1,0,1,1
806,1,0,0,0,1
2065,2,3,1,2,2
610,1,1,0,0,1
3018,0,0,0,0,2
1193,2,0,0,2,5
3002,1,2,1,2,0
3805,1,2,0,1,0
3911,2,2,1,1,0
3772,3,0,1,1,0
1974,0,0,0,1,0
3755,0,0,1,0,2
3906,0,0,0,0,0
3918,2,0,0,3,3
544,0,0,0,1,2
3379,1,0,2,1,0
883,1,2,0,2,1
1606,1,1,1,2,2
2546,2,3,0,1,3
761,3,2,2,1,0
2309,2,2,3,2,0
596,1,2,0,3,4
1823,3,1,0,4,1
897,0,1,0,0,3
71,2,2,3,4,3
313,1,0,0,3,0
3097,2,4,0,0,3
1268,1,0,1,2,0
1727,1,0,1,0,2
1101,3,1,1,0,2
696,1,2,1,0,3
2123,0,2,1,1,1
269,0,1,4,3,2
1740,2,0,2,0,0
2230,0,2,1,2,1
547,0,0,1,0,0
2575,1,2,2,1,0
652,1,0,1,2,2
1317,4,1,2,1,2
315,3,4,2,2,0
3807,2,2,1,0,3
1607,1,0,1,0,0
2451,3,4,1,0,1
517,0,1,1,1,0
221,1,1,1,0,0
2870,0,0,0,0,1
3496,1,0,2,1,0
495,1,0,1,1,2
2574,4,2,1,0,1
3608,1,1,0,1,0
898,2,0,0,3,0
2197,0,0,0,2,2
3524,0,1,1,0,2
2470,0,2,0,2,7
234,0,1,1,1,0
1427,0,2,1,1,3
122,0,1,0,0,1
1072,2,0,2,1,1
2882,2,0,1,0,1
1783,1,4,0,0,4
2205,1,0,1,0,0
2534,3,0,0,3,0
3073,0,0,2,1,0
644,1,0,1,0,3
1862,0,4,3,0,0
2805,0,0,0,0,3
2935,1,0,2,0,0
1647,0,0,2,1,0
1799,2,0,0,1,2
1815,0,0,1,2,1
1824,1,0,1,1,1
2082,1,2,1,0,1
2327,5,0,0,5,0
815,1,0,0,0,0
3302,0,0,1,0,0
2228,0,1,1,0,1
3117,3,1,0,0,3
2780,0,1,1,0,0
1602,1,3,1,0,2
1588,1,0,2,0,1
2441,0,3,1,1,0
1095,0,0,1,1,1
2261,1,2,2,1,0
57,1,1,1,1,2
2253,1,0,0,3,2
659,1,0,0,1,0
2098,0,5,0,0,4
2766,0,0,2,0,1
3610,0,3,0,1,1
2036,1,1,0,3,1
3607,2,0,3,0,3
1303,1,2,0,1,0
2940,3,0,1,1,2
2511,1,1,2,1,0
501,0,2,1,1,2
1598,2,0,1,0,1
2458,0,4,3,1,2
1049,0,1,3,5,1
3656,1,4,0,0,0
3804,2,0,1,1,2
1596,0,1,1,0,0
1360,1,0,1,1,0
1025,3,2,0,3,2
1178,2,0,2,0,0
2714,1,0,2,0,0
3215,3,1,0,3,1
670,0,0,0,3,3
3181,0,1,0,0,1
3068,0,1,3,3,3
706,2,0,0,0,2
2143,0,0,1,2,1
133,2,1,0,0,1
497,0,1,0,2,3
2847,4,1,1,4,0
2362,2,1,1,2,1
1409,1,1,0,0,1
3013,2,0,2,0,5
2890,2,2,0,2,1
1400,0,2,1,1,0
2295,2,1,0,1,3
3697,0,0,1,2,1
2939,0,0,1,1,0
1896,0,0,0,2,0
2683,0,0,0,1,2
2275,0,1,0,1,1
2513,0,0,0,1,0
3393,0,1,0,3,2
3573,2,0,0,3,0
3406,0,2,0,0,3
332,0,0,0,1,3
3971,0,0,1,3,3
2457,3,1,2,0,1
2487,1,0,2,1,1
2276,2,0,2,1,2
177,1,1,0,0,1
2736,0,0,1,1,0
3823,1,2,0,0,0
3187,1,0,0,0,0
2763,0,1,0,1,0
3248,1,0,0,1,2
2756,0,2,0,3,0
2640,1,2,0,0,0
1390,0,1,1,1,0
2427,1,1,0,0,0
3186,0,0,2,2,1
1105,0,0,0,0,2
3217,2,1,1,1,1
3331,0,0,1,2,2
3150,4,4,0,0,0
3538,2,2,1,0,0
363,0,1,3,0,1
3859,2,0,0,1,2
2042,0,0,1,0,1
1713,1,3,0,0,0
778,1,0,0,1,1
434,0,1,0,0,0
2593,0,0,1,1,0
3115,3,1,2,1,0
1432,0,1,1,0,1
1572,0,0,3,0,0
1467,0,0,4,0,1
995,0,1,0,0,2
178,1,1,0,1,0
779,0,3,0,2,1
2854,2,2,5,1,0
249,1,0,2,2,0
1503,2,0,1,2,0
1576,1,0,1,1,2
722,2,2,1,1,0
2041,3,0,2,1,3
3001,2,1,1,3,2
3706,3,0,0,1,3
2573,2,1,1,3,4
3731,0,5,1,2,0
3615,1,2,1,0,3
2438,3,1,1,1,3
1228,2,2,3,0,0
2400,0,2,1,1,0
2278,2,0,1,0,4
903,0,0,4,0,2
3499,0,2,1,0,1
702,0,3,1,1,1
112,4,1,2,4,1
1534,4,3,0,4,0
45,0,0,4,0,1
2328,1,2,0,1,1
2371,0,1,0,0,0
2028,2,0,0,5,4
3253,0,1,0,1,0
1213,0,2,1,0,2
3506,1,1,0,0,3
956,0,0,1,0,2
3991,2,0,0,1,4
76,1,3,3,1,0
2578,1,0,1,0,0
3653,1,1,1,1,1
3358,3,3,1,0,0
3509,1,0,2,0,0
2911,3,0,1,2,1
746,4,1,0,4,5
2131,0,0,1,0,2
3003,1,2,1,0,1
2046,1,0,1,0,3
1150,1,2,0,1,1
1957,4,3,1,1,1
305,0,1,2,3,3
2002,4,3,1,2,4
2956,1,3,0,2,1
2807,1,1,1,0,3
2045,4,0,3,1,2
2768,2,0,1,1,2
3637,0,0,1,1,1
1147,2,3,2,2,1
3007,0,2,1,1,3
3222,0,0,0,0,1
3409,3,4,0,0,0
1885,0,0,1,1,2
1631,1,2,2,0,0
246,0,0,0,1,0
480,1,0,2,1,1
49,2,2,0,0,2
3933,3,2,2,1,1
860,1,0,0,1,1
3945,1,1,2,0,0
831,1,1,1,2,2
1776,2,1,1,2,3
2785,4,3,0,0,3
2652,1,5,1,2,1
2358,0,0,0,3,2
1201,2,0,1,5,2
1810,1,3,1,0,2
1611,0,0,1,1,1
2774,0,0,0,0,0
3296,0,0,1,1,1
2592,1,1,1,1,1
3106,0,1,1,0,0
3707,3,1,0,3,4
2889,0,2,0,0,2
3334,2,0,1,0,2
1310,2,0,0,1,2
767,0,0,0,2,0
3548,1,0,0,0,0
161,0,0,6,4,3
295,0,1,1,0,2
2983,1,1,0,0,2
1444,0,1,1,1,0
2959,1,5,0,4,0
409,1,1,0,0,0
2252,2,0,0,3,0
561,5,0,0,1,1
366,0,3,0,0,0
463,1,0,1,0,2
3727,1,2,2,0,2
3940,0,0,0,1,2
2849,4,3,3,1,0
350,1,2,1,2,1
2353,2,0,1,0,0
827,0,1,0,0,1
1125,0,1,2,1,1
3709,0,1,0,0,0
2697,0,0,0,4,2
327,1,1,0,1,2
444,1,1,0,0,3
1161,0,0,0,1,2
184,0,0,1,1,1
2963,0,1,1,0,0
3119,3,1,0,1,0
688,1,0,0,1,0
992,0,1,2,1,0
1704,0,1,0,1,0
218,1,0,3,0,0
2735,2,0,1,0,0
2408,1,1,0,1,3
3894,0,0,2,0,1
2425,0,0,1,0,1
30,2,3,0,2,3
3529,2,1,2,2,1
2859,2,2,0,2,3
54,3,3,1,3,0
1155,1,1,1,0,0
3344,2,0,0,2,5
2250,0,0,0,0,0
251,0,0,2,4,3
1482,1,0,1,1,2
854,2,0,1,2,2
982,0,1,0,2,0
3027,0,2,0,1,2
1271,0,0,0,0,1
173,2,2,1,0,2
2011,3,2,2,1,1
1351,1,2,1,1,0
1422,0,2,0,1,4
1149,1,0,0,2,2
240,2,1,1,1,2
65,1,2,0,1,2
3270,2,0,0,1,0
3761,7,0,2,2,1
1822,4,0,0,0,1
572,2,2,1,0,1
1873,1,1,1,1,3
1619,0,0,1,2,0
1085,0,3,0,1,0
1557,0,1,0,1,1
7,0,1,0,0,1
1728,1,1,2,0,2
3065,1,2,1,0,1
3530,1,0,1,2,5
1890,0,2,2,0,1
896,3,2,2,0,1
304,1,2,1,1,4
564,0,2,2,2,0
780,3,2,1,0,0
1300,1,2,0,0,2
701,0,2,0,4,1
864,0,0,1,1,1
238,0,1,3,1,1
2613,2,1,1,0,1
271,0,1,1,0,2
257,3,3,0,0,1
3432,0,3,1,3,5
1782,0,2,0,1,2
3932,3,2,0,3,0
3233,1,4,0,1,3
3089,0,1,2,1,0
2558,2,1,2,2,2
2748,0,0,2,0,1
2404,1,1,0,0,1
3503,0,1,0,0,0
2256,2,1,2,0,1
3740,2,1,0,1,1
1523,6,3,1,1,1
1871,0,3,0,1,4
2490,2,1,2,0,1
188,1,2,0,2,3
3368,1,1,0,3,2
1369,4,3,2,1,0
1347,0,0,1,0,0
2418,1,0,0,2,6
3208,0,2,0,3,1
2866,0,1,1,0,1
1539,0,1,0,0,0
439,0,2,2,3,0
1870,0,2,2,1,4
461,1,0,1,2,1
2544,2,3,1,5,3
3786,1,0,0,1,3
3441,3,0,1,3,0
566,0,2,1,0,0
225,2,0,1,1,4
3983,1,3,1,2,2
1817,1,0,3,0,1
777,0,1,2,0,0
1968,0,1,1,0,1
1487,1,0,1,0,0
125,1,3,0,1,1
3890,0,0,0,0,0
2148,1,0,1,1,2
972,0,0,0,0,1
425,0,0,3,1,0
3688,3,0,2,0,0
893,1,0,3,1,1
2977,0,1,0,2,4
2601,0,1,0,1,1
2672,0,0,1,0,0
2339,0,1,0,1,2
1541,2,1,3,2,2
3371,0,1,2,0,0
3036,0,0,1,1,1
3944,1,3,0,0,0
424,0,2,1,1,2
147,2,2,1,3,2
148,1,1,0,0,3
1844,0,0,0,2,2
2586,1,1,0,2,1
3557,1,3,0,1,3
787,2,3,3,1,0
2741,2,0,1,0,2
1157,1,0,0,1,0
2430,1,1,1,1,3
1044,0,2,0,4,1
3821,1,2,2,3,0
847,2,1,2,0,0
375,1,0,0,2,3
772,1,0,1,1,2
3504,0,0,0,1,1
19,0,1,4,1,1
3702,0,3,4,1,2
709,1,0,2,1,2
2530,3,1,0,4,3
261,1,1,0,0,3
3580,0,2,0,2,5
3149,3,3,0,0,0
1753,3,0,2,0,2
2176,2,0,2,1,1
527,0,1,1,0,1
1732,1,2,0,2,1
3436,0,0,0,0,0
447,1,0,2,3,1
3689,2,4,1,2,0
1117,3,0,1,0,4
2994,0,0,0,2,1
611,0,0,0,2,0
202,3,2,1,2,2
3085,1,0,3,2,3
3016,3,1,2,3,0
2216,0,2,0,0,0
3086,0,0,0,0,2
233,0,1,0,3,0
252,0,1,1,1,2
3564,0,0,0,1,1
3075,2,0,0,2,4
3206,2,2,0,0,0
2412,0,1,1,0,1
3127,0,1,1,0,2
2257,2,0,2,0,1
3505,0,0,1,0,0
2670,0,2,1,0,1
943,2,0,2,0,0
908,0,3,1,0,0
2466,0,0,2,1,2
2843,0,3,1,0,4
169,2,2,0,0,2
1768,0,3,0,0,2
1676,1,0,2,1,0
1646,4,3,0,0,0
1685,1,0,2,1,1
1469,4,0,0,3,2
59,0,1,0,2,1
1707,0,3,2,1,1
1814,1,2,0,0,2
643,0,1,2,3,2
2366,0,0,1,0,0
888,1,0,2,1,0
3223,0,0,0,0,2
935,2,1,2,0,2
53,1,0,2,1,1
3341,3,0,1,0,3
1664,1,0,0,0,0
2155,2,0,1,3,2
3301,1,0,0,1,1
3121,1,2,2,0,1
875,0,3,2,0,1
990,0,1,2,1,0
1802,2,1,1,2,3
3328,0,1,0,1,0
3211,1,1,0,3,0
1143,0,1,0,1,1
382,1,0,2,3,2
1466,0,0,3,1,4
3825,0,1,0,0,0
1988,0,0,1,0,0
3196,1,0,1,0,1
749,0,1,2,1,1
1269,0,3,0,1,0
200,1,1,0,1,1
2070,0,0,0,0,0
422,1,1,4,0,0
3624,0,1,1,2,2
1980,2,0,3,3,0
1699,0,0,1,2,1
1073,2,0,1,0,1
1376,2,0,0,2,2
418,1,0,2,2,1
3775,1,0,0,0,0
2361,4,2,0,0,1
823,1,1,0,0,3
926,2,1,0,2,0
2707,1,0,1,4,1
306,0,0,0,3,3
3874,0,0,3,7,2
2500,1,1,0,1,0
1020,1,1,0,0,2
3674,0,0,0,1,0
2454,0,1,2,0,0
2222,0,2,1,1,0
920,0,0,1,0,1
1387,3,3,0,0,0
1570,0,0,2,2,0
1933,1,2,0,0,0
516,1,0,1,0,2
3938,0,0,0,4,4
1439,0,0,0,0,1
1949,0,0,1,0,1
3899,0,2,2,1,1
475,4,0,0,2,4
3676,0,4,1,0,1
672,4,2,2,2,0
3039,2,0,0,0,2
254,1,1,0,2,0
2323,1,0,0,0,1
1293,1,0,0,1,0
2161,0,0,1,0,0
2677,2,2,0,4,1
2812,2,0,3,2,4
2663,0,0,1,0,0
1259,0,1,0,1,3
3667,0,4,0,1,2
562,0,0,0,0,0
679,3,1,2,2,0
3387,0,1,2,2,0
3614,6,4,1,0,1
766,1,0,1,2,1
3578,0,0,2,1,0
216,0,0,1,0,0
2139,0,0,1,0,2
1489,2,2,2,0,1
2840,2,1,2,3,0
2190,1,0,2,1,0
1803,2,0,1,0,1
195,1,0,1,0,4
3609,1,3,2,2,1
2179,0,2,0,0,0
3664,1,2,1,0,0
3634,1,0,1,2,3
2351,0,0,2,0,2
1172,1,0,3,0,2
346,2,3,1,0,0
144,1,1,0,1,1
15,2,4,0,2,1
454,2,3,0,0,0
3364,1,1,1,1,1
2069,2,1,1,0,0
723,0,0,1,1,2
2104,1,0,0,0,0
2297,0,1,1,0,0
1246,1,0,0,5,2
451,2,1,0,0,2
609,1,2,0,0,0
3885,0,2,3,6,2
558,1,1,0,1,2
912,2,1,0,1,0
852,3,0,2,0,1
2121,2,3,2,3,0
67,1,1,1,3,2
1430,0,1,1,2,1
3703,0,1,1,1,0
755,1,0,0,1,0
1018,1,0,0,0,0
1367,0,1,1,0,0
1405,0,1,1,1,0
1215,1,2,1,0,0
3274,0,0,0,0,2
2164,0,1,1,0,0
2881,3,0,2,2,1
1261,0,2,1,0,0
541,2,0,0,3,2
2571,0,5,0,1,0
3041,1,3,0,2,2
6,1,0,1,3,2
3575,0,1,1,3,1
1294,1,1,0,0,2
182,0,0,1,0,1
3990,0,1,1,1,0
2162,1,3,1,0,1
3635,3,0,2,1,5
1593,0,1,0,1,2
28,1,1,1,0,1
359,2,0,0,2,3
2067,3,2,0,0,2
1370,3,2,0,0,1
3643,0,0,0,2,2
2565,0,3,1,0,0
236,0,0,1,1,0
1629,5,4,4,2,1
3975,3,0,0,0,4
84,2,1,1,0,0
963,0,3,0,1,3
2902,0,0,0,1,2
3170,2,1,2,1,0
3519,0,0,0,1,1
3246,3,0,0,1,4
1210,0,1,1,1,1
3848,1,0,3,2,0
1473,0,0,1,1,1
2712,0,1,1,2,0
607,1,0,0,1,1
1691,0,3,1,2,1
3226,0,0,0,1,2
2355,0,0,1,0,0
3049,2,0,1,3,1
885,2,0,1,1,1
3325,0,1,0,1,0
411,1,2,0,2,0
2893,2,3,2,2,0
3622,2,2,2,1,1
2888,3,0,0,0,0
2398,0,0,0,2,1
1945,2,1,2,2,3
790,2,1,0,2,4
3273,0,2,0,1,2
1585,0,0,0,2,0
1366,1,1,0,2,4
2246,1,0,2,0,2
514,0,0,1,0,0
3942,2,0,1,0,0
2144,1,3,0,3,0
1227,0,0,0,3,1
2078,0,0,0,1,4
1563,0,1,0,2,0
3376,2,0,0,0,2
2102,0,4,1,3,0
2,1,1,0,2,2
3045,0,1,1,0,0
2505,1,1,1,1,2
2145,4,0,4,1,3
1766,0,1,0,2,1
2541,0,2,0,0,0
1855,1,0,1,1,1
466,2,0,1,2,1
2039,2,1,2,1,1
991,0,0,0,0,5
2206,4,0,1,2,2
3456,1,1,1,0,1
2452,0,1,1,0,3
61,0,0,1,0,0
580,0,0,2,1,2
1128,0,1,0,1,0
316,1,1,1,1,1
3696,1,0,0,0,1
3434,0,1,0,0,2
2403,3,0,1,0,0
3110,0,1,1,0,3
2013,0,5,0,2,1
2833,2,0,0,4,3
2869,0,1,0,0,0
1888,0,0,1,0,0
3887,1,2,0,1,1
3382,1,0,0,1,2
468,0,1,1,2,2
1996,3,4,1,1,0
1610,1,0,0,2,4
1112,0,1,1,2,0
1381,2,4,0,0,1
3832,3,3,0,1,2
13,1,2,1,0,1
298,0,1,0,0,2
3339,0,1,0,0,3
906,1,3,4,3,1
1720,2,0,0,0,0
5,1,1,0,3,2
2202,0,0,0,0,0
914,1,1,2,0,3
352,2,0,2,0,1
141,3,1,1,2,3
1431,1,0,0,0,0
259,0,0,0,1,0
2709,0,3,1,1,1
3213,0,0,0,1,3
2829,1,0,0,1,1
3093,3,1,0,3,1
10,1,1,0,2,2
2251,1,1,0,3,1
1839,1,1,1,0,1
633,0,0,0,1,2
725,1,1,0,0,1
2922,2,3,0,0,0
3388,1,4,2,1,1
1724,0,0,2,1,1
2195,1,0,1,0,3
2271,1,2,1,1,0
2191,1,1,0,2,1
1636,0,0,0,2,5
3612,0,0,0,0,0
1604,1,0,0,0,3
1116,1,2,0,1,1
2591,0,2,1,0,2
2040,2,1,1,2,0
275,4,1,1,1,0
2088,0,2,0,0,0
1504,0,3,0,3,3
589,1,0,1,1,1
96,2,1,0,3,1
2855,1,2,1,1,1
3221,1,0,1,1,1
904,3,0,1,3,2
3486,1,3,2,2,3
3092,0,0,0,2,3
3351,3,0,1,3,1
2942,0,1,0,1,1
3782,0,1,0,2,2
3109,0,0,2,1,1
578,0,1,2,1,1
3118,0,0,0,0,0
3780,5,3,1,1,2
658,0,1,3,1,0
3757,0,1,2,0,0
1127,2,2,0,1,2
1698,1,0,0,0,1
552,2,1,1,2,3
2320,3,0,0,2,1
2924,0,1,0,1,0
2835,1,1,0,2,2
2411,0,4,1,1,3
435,3,2,2,2,3
2482,2,0,0,5,5
448,1,4,0,0,2
717,0,0,1,0,3
1030,0,0,2,0,0
2014,4,0,1,5,1
2941,1,1,0,1,1
1323,1,1,0,1,1
1252,1,0,0,1,1
1932,1,0,2,4,2
2515,2,0,1,1,2
2231,0,2,2,3,2
203,0,3,0,0,0
2590,0,2,1,0,0
2288,1,3,2,5,0
2710,1,1,1,1,1
3077,3,0,2,1,3
2258,0,0,0,1,0
1654,0,1,2,2,0
290,0,1,1,1,4
3166,0,0,0,1,1
2263,0,1,3,1,0
3108,1,2,1,0,0
2367,3,2,2,0,0
3111,0,0,0,2,2
342,1,1,0,0,0
813,3,3,1,1,0
3604,0,2,0,2,3
3412,1,0,1,2,1
3072,2,0,0,0,3
524,0,1,0,1,1
3501,2,3,1,1,1
2049,1,3,0,1,2
1452,2,1,1,1,0
162,1,0,1,1,2
2896,1,4,1,0,2
191,0,4,0,2,0
2758,0,1,0,1,2
395,0,0,1,0,1
3853,0,0,0,1,0
3400,4,2,2,2,0
3421,1,0,2,2,2
3988,1,2,0,0,0
3431,3,1,0,2,5
3929,0,2,2,0,1
758,1,0,2,0,2
3701,2,4,0,2,3
1599,1,1,2,0,0
2096,1,2,1,0,1
1897,0,3,0,3,2
799,3,1,1,0,3
1392,0,1,0,0,0
3488,3,2,0,3,0
436,0,0,1,3,3
1372,1,0,0,0,0
606,1,4,1,0,0
2259,0,3,0,0,2
2753,0,5,1,5,0
1114,1,0,2,0,2
2374,1,1,0,1,1
2471,1,0,1,1,3
492,4,1,4,3,0
2647,2,3,0,1,0
1175,0,2,0,4,3
2655,2,0,0,1,0
250,1,0,1,1,4
3721,4,2,0,1,5
2644,3,0,0,2,4
851,2,0,1,2,3
462,0,1,1,2,1
1214,1,0,0,3,3
539,2,1,2,0,0
3384,0,0,0,0,2
433,4,1,2,1,2
1781,1,1,0,1,3
2539,0,1,1,0,1
2653,0,2,1,0,1
3145,2,1,1,3,1
2551,2,2,1,0,1
3429,0,2,1,0,2
1345,1,2,0,1,0
2921,2,0,1,0,3
2972,3,1,2,1,1
3307,1,0,3,1,0
1521,2,0,0,2,4
2117,4,3,0,0,0
2429,0,0,0,2,5
46,0,0,2,1,4
1623,2,0,1,3,0
3924,0,3,2,2,3
467,1,1,0,1,1
2356,2,2,3,0,0
3734,2,0,1,0,0
1930,2,0,0,1,3
2165,1,1,1,2,1
80,0,0,0,0,2
1830,1,3,1,3,0
3102,1,1,0,2,2
3350,0,0,0,0,2
1286,2,3,1,3,0
1337,1,0,0,2,0
3100,3,1,3,1,0
1501,0,1,3,1,1
1686,0,1,1,0,0
2559,2,1,1,1,4
1078,1,1,2,1,1
508,2,1,1,0,1
3808,1,2,2,0,2
1497,0,1,0,0,1
1354,4,3,1,0,0
2209,0,0,0,0,3
441,2,0,2,4,1
2713,1,1,3,2,0
2350,2,2,1,3,2
1229,0,0,1,0,0
2118,1,2,1,5,2
432,0,0,0,2,0
1165,0,1,1,1,2
3357,1,3,1,1,1
2521,2,1,1,0,0
3542,1,0,1,0,0
624,1,3,3,0,0
1529,1,1,1,2,0
1287,0,1,1,1,2
3158,1,0,0,0,2
928,0,1,1,0,0
91,1,0,0,2,4
1167,2,2,0,0,1
2494,1,3,0,1,0
1581,0,4,0,0,1
1586,1,3,1,1,0
600,2,2,0,0,0
3053,0,3,1,1,0
3720,3,0,4,2,1
614,0,0,0,3,0
11,0,1,0,2,1
3902,0,1,0,0,1
3770,1,1,0,2,1
1639,0,0,2,0,2
3793,1,0,1,0,0
1003,4,1,2,0,1
490,1,2,0,2,2
427,1,0,1,1,0
3478,0,1,0,0,1
2692,0,0,1,0,0
1338,2,1,1,1,3
575,2,2,1,0,5
2469,0,2,0,2,2
2531,0,1,2,0,0
121,0,1,1,0,0
2848,0,3,0,2,0
338,2,0,2,2,2
2800,0,2,0,2,0
1311,1,0,0,3,1
2225,2,0,1,0,0
1546,3,2,1,3,3
3567,0,0,2,1,1
2581,0,0,0,0,1
399,2,2,0,0,4
571,0,3,0,1,0
2373,0,1,1,0,4
2333,2,2,2,2,0
1725,1,1,0,2,0
1322,0,0,1,1,0
1312,1,2,2,2,1
361,1,2,0,2,1
3801,0,0,0,0,2
3818,0,1,3,0,1
274,1,1,1,1,1
171,2,1,0,0,2
3138,0,0,0,2,2
604,0,1,1,1,0
2076,1,1,1,0,1
3340,1,0,4,4,0
2980,1,1,0,0,4
936,1,2,2,4,1
3210,0,1,1,1,3
2188,1,1,1,1,1
3982,0,0,0,1,2
421,0,2,1,0,0
3190,0,1,1,0,2
2239,1,1,0,1,1
406,0,1,0,3,3
2934,1,0,0,0,0
1637,1,2,0,3,1
1156,0,0,1,2,0
2923,1,1,0,1,1
2486,0,0,1,3,0
77,0,0,0,0,0
3377,1,0,2,0,2
2272,0,2,0,0,2
2569,1,1,0,2,0
1524,0,1,0,0,2
2007,0,0,0,1,2
769,1,1,0,2,0
1549,1,0,0,0,2
3247,2,0,0,0,2
119,2,1,1,2,1
3475,4,3,0,0,0
3704,2,2,1,1,1
2243,0,0,0,0,0
3981,1,0,0,1,1
2300,1,0,1,0,2
1956,0,1,2,1,2
949,2,0,2,2,4
601,0,4,0,0,0
22,0,0,0,2,3
1241,0,1,3,0,0
2468,2,1,3,2,0
1488,0,2,0,0,0
2828,0,0,0,1,1
2721,2,0,2,3,2
1640,1,0,0,0,0
3427,2,2,0,3,0
1761,3,1,0,0,5
3927,0,3,2,0,2
3912,0,1,3,1,2
905,0,2,2,1,0
3626,0,0,0,1,0
1703,3,2,2,3,2
294,4,0,3,2,3
3177,4,3,2,1,1
190,1,1,0,0,0
2299,1,1,2,1,0
1006,0,1,1,1,0
138,0,1,2,0,2
1929,0,0,1,1,1
2478,1,2,3,2,0
951,0,1,0,0,2
1274,0,1,0,3,0
2219,1,6,0,2,2
287,1,1,1,2,0
2518,2,1,0,1,3
979,2,0,2,0,4
318,2,0,0,2,2
627,2,1,2,2,1
2395,0,0,1,1,0
2393,1,1,0,0,1
3132,0,2,1,1,2
901,0,2,1,1,2
3163,0,3,0,2,0
932,3,3,0,3,2
1531,1,0,1,1,0
3712,1,3,0,0,2
309,1,0,1,0,1
1382,1,0,4,0,2
164,0,1,2,0,0
3813,1,2,0,0,0
2816,1,0,2,3,0
691,1,0,0,1,1
3278,3,3,0,1,0
654,1,1,1,0,1
1852,2,2,1,1,0
3606,0,1,2,0,1
1915,0,3,1,1,1
3372,0,4,0,1,2
3091,0,0,2,0,0
3333,1,1,0,1,0
1975,1,2,2,0,1
2957,0,0,1,0,1
583,1,1,2,0,0
788,1,2,1,1,2
3560,3,3,2,0,2
2822,0,0,0,1,2
3336,1,2,1,2,1
97,0,1,0,3,3
2397,2,1,1,0,1
3850,1,0,2,0,1
423,0,1,0,0,2
2120,5,1,1,4,2
320,3,0,2,2,0
2811,1,1,0,1,1
3776,1,1,1,1,3
1556,3,3,1,2,1
1331,2,2,3,3,1
1797,5,1,2,3,3
1994,1,0,1,3,2
693,0,0,1,0,2
695,1,1,0,1,3
1350,0,1,1,0,1
771,1,0,0,2,1
774,0,1,0,0,0
73,1,0,1,3,0
3063,1,0,0,1,1
1746,0,2,1,0,0
3179,1,0,2,0,0
2010,1,1,1,0,1
2877,0,1,1,1,0
1690,0,1,1,3,1
1793,0,0,2,0,0
3834,0,0,0,1,0
3482,1,1,1,1,0
3276,0,0,0,0,1
3022,2,1,1,0,2
245,3,2,2,1,1
880,2,2,2,0,3
1184,1,0,0,1,2
3428,0,3,0,1,2
1411,0,4,1,0,5
2961,0,3,0,0,0
1062,0,5,2,0,4
3454,1,1,1,0,0
1535,1,0,0,1,1
445,0,0,1,0,0
3590,1,0,1,2,4
2105,1,0,0,2,2
2797,0,1,2,2,3
2234,1,0,1,2,2
1361,0,3,0,1,0
2985,1,0,0,4,2
2262,1,1,3,3,1
2682,0,0,1,0,1
62,1,1,1,0,1
360,3,2,1,4,2
859,1,1,0,0,1
2549,2,2,1,1,0
3652,2,0,1,1,3
800,2,0,2,1,1
1995,0,0,2,0,1
651,2,1,3,4,3
3779,1,1,0,2,3
407,0,0,1,2,0
866,0,1,0,1,1
1291,3,2,1,1,0
1154,0,0,0,2,6
2572,0,2,0,0,1
174,1,2,0,1,3
308,0,2,1,1,0
1377,0,0,1,0,1
1829,1,0,0,0,0
2031,0,1,4,1,4
1233,1,1,1,2,1
3948,0,0,1,0,0
585,0,2,0,0,0
1747,0,2,4,0,3
3671,2,0,2,1,0
3251,3,3,0,2,5
549,1,4,1,0,1
974,2,1,2,3,2
3769,0,0,1,4,1
3130,3,1,1,0,0
3378,0,1,0,1,2
1278,0,1,0,0,1
1879,0,2,0,1,0
1935,1,3,2,0,1
55,0,2,2,1,2
1336,1,0,2,0,1
2417,0,1,1,1,1
3541,2,1,0,0,0
3294,0,1,1,0,0
3547,1,0,0,1,2
1290,3,1,1,0,1
1922,0,2,1,1,1
2382,3,1,2,2,1
2529,2,0,0,1,3
3946,0,0,0,0,0
3381,1,1,1,0,2
159,0,0,2,2,4
1653,0,2,0,0,0
3980,2,1,1,1,0
3931,1,2,0,1,0
630,1,1,1,2,2
3553,2,4,2,1,1
3595,3,3,0,1,1
1257,1,1,2,4,1
3708,2,0,1,2,2
2629,0,3,0,2,3
839,0,0,0,0,3
1624,1,0,2,2,1
3923,5,1,0,0,4
179,2,0,2,2,1
1015,1,4,3,0,0
748,1,0,0,1,3
264,1,0,3,3,0
1650,1,0,0,3,1
3256,0,1,2,0,0
323,1,2,0,2,0
1460,1,5,2,2,0
2268,0,0,0,0,0
2266,0,1,0,0,0
431,0,0,0,1,1
1491,1,1,4,3,0
2667,0,1,2,3,0
378,1,1,2,0,0
2729,0,1,1,1,0
3710,2,0,3,1,0
2853,0,1,2,4,1
413,1,1,0,1,3
1209,1,0,1,2,0
953,2,2,2,1,0
1164,2,0,0,0,3
43,0,0,1,1,0
1616,0,0,0,1,1
2090,0,2,0,1,0
1397,2,0,0,2,1
1641,1,0,2,0,0
680,0,0,0,2,2
882,1,2,1,2,2
3,2,1,0,3,0
2346,1,0,1,2,2
1749,3,5,1,1,0
3837,0,1,0,1,3
2113,1,1,2,1,0
60,1,0,0,3,2
392,0,2,0,0,2
1587,0,2,0,0,2
2504,1,2,0,0,0
2203,1,5,1,1,0
1819,0,0,1,1,0
2128,0,3,1,0,0
789,1,2,0,1,2
1921,2,3,2,3,0
2696,3,0,0,3,1
1438,2,1,0,1,1
310,1,1,0,3,6
1826,3,1,1,0,0
2997,0,1,0,2,2
2916,2,0,1,1,2
2622,0,4,1,2,2
1765,0,2,1,1,0
2183,2,1,0,1,1
1199,0,0,3,0,1
3966,1,1,1,0,1
107,2,1,1,1,0
1475,0,0,1,1,2
3243,0,4,0,2,0
889,5,3,1,0,1
2004,1,1,0,1,1
3287,4,0,1,3,2
1420,5,0,3,0,0
1770,1,0,0,1,1
99,0,0,0,0,2
83,6,0,2,0,1
2664,0,0,1,2,3
2867,1,3,0,2,1
494,0,2,0,1,0
2874,0,0,0,4,3
1066,0,1,2,0,1
1440,1,0,1,0,1
1842,0,0,2,1,2
2072,0,4,1,3,0
1002,0,1,0,2,2
3631,1,1,0,1,1
89,0,2,1,0,0
2008,1,3,1,2,2
1240,1,0,0,2,0
1026,2,2,2,0,3
3597,2,0,2,1,0
3618,0,0,3,0,0
3540,1,1,0,1,2
3955,0,2,3,0,3
3042,0,1,1,2,2
1909,0,4,3,1,0
2871,1,0,1,0,0
32,2,0,0,3,1
3880,1,1,1,5,0
1788,2,2,3,2,0
1990,1,0,2,2,0
3297,0,0,6,1,1
50,0,0,1,0,2
835,2,1,1,1,1
784,0,1,1,2,0
1571,0,3,0,0,1
2053,2,1,0,1,0
1219,1,1,0,0,0
1569,2,0,3,4,0
472,1,1,1,3,1
2782,3,2,0,4,3
2185,0,2,1,0,2
317,0,4,1,1,4
865,2,0,1,2,1
1510,3,1,0,3,2
1448,0,0,1,0,1
2724,1,1,0,2,3
52,2,3,3,0,0
2716,1,0,0,0,3
1079,2,0,2,1,2
2582,2,1,1,2,1
266,0,0,1,0,2
2376,0,2,0,0,3
3766,3,1,0,3,0
563,1,0,3,0,0
489,1,2,1,0,1
3958,2,1,1,0,0
336,3,5,2,2,1
437,0,0,1,0,0
2775,0,0,2,1,2
636,1,0,2,1,1
1833,2,0,1,1,5
567,1,1,1,1,1
40,1,0,2,0,1
1512,1,2,0,3,5
3386,0,0,0,1,1
2560,0,1,0,0,0
276,4,0,1,1,5
3291,1,2,0,1,2
3879,0,3,3,1,5
1553,0,0,0,4,0
1169,0,1,2,1,0
3816,0,4,0,3,0
3446,0,1,1,0,0
3080,5,1,1,1,2
1098,1,0,2,4,4
2845,0,2,1,3,2
2294,0,0,0,1,1
2377,3,2,0,0,2
113,1,0,0,1,5
713,0,0,0,0,0
937,1,0,0,1,1
934,4,1,0,5,1
2623,0,0,0,0,2
3847,0,1,3,1,0
2274,2,1,3,2,1
325,2,2,2,1,2
2947,0,0,0,0,1
86,1,2,1,0,0
727,3,3,0,1,0
3290,0,5,1,2,1
3103,0,0,3,2,1
2204,2,1,1,0,0
3868,1,0,0,2,0
830,1,1,1,2,1
1408,1,2,0,2,0
33,1,2,0,5,5
2524,0,0,1,1,2
3154,1,2,0,0,2
1495,1,0,2,1,1
2267,1,1,1,3,2
3778,2,0,0,0,3
2196,3,1,0,1,7
3031,3,3,1,0,3
1827,1,1,3,2,3
183,1,1,0,0,2
2809,0,0,1,1,2
319,1,0,0,2,2
1255,0,2,1,0,1
3878,2,1,1,0,1
612,3,0,0,3,3
464,0,0,0,0,1
613,1,1,1,1,3
1222,3,3,0,0,0
515,2,1,2,2,1
3460,3,1,1,2,2
3630,1,3,1,0,2
3000,0,0,1,1,0
1898,0,0,1,3,1
1687,2,0,1,0,1
3795,0,2,2,0,0
3925,1,2,0,1,0
102,3,0,1,0,3
1190,0,5,0,4,1
383,4,0,1,2,0
3860,0,0,0,4,4
3563,2,2,0,0,4
1024,0,1,1,0,2
2751,1,2,3,1,1
2460,2,2,1,1,4
1544,0,0,0,0,2
412,5,4,3,1,3
3286,1,0,0,1,1
958,1,1,0,1,3
824,1,1,2,1,1
832,0,2,0,1,1
2938,4,3,0,0,0
2208,0,0,0,3,3
3383,0,0,0,1,1
2624,2,0,0,0,3
890,0,1,0,3,0
1717,0,1,0,3,0
3699,0,0,0,1,1
1093,4,0,1,4,4
523,2,2,2,1,1
3474,1,1,2,3,2
922,1,1,2,2,2
2080,0,2,1,0,0
1589,2,3,0,1,0
2689,0,1,2,1,0
3370,0,1,0,3,2
1186,0,0,0,2,2
3883,0,1,1,0,1
3230,0,0,0,1,5
1058,1,0,1,4,4
1328,0,5,3,0,0
3074,0,1,1,2,0
918,0,3,0,0,1
3546,1,1,3,1,2
2568,0,1,3,0,0
2917,0,0,0,0,1
2170,1,1,1,0,0
3140,0,0,1,1,4
253,0,2,4,4,1
3292,3,2,1,3,0
2264,0,0,0,1,0
1705,3,1,0,1,0
1326,0,3,2,0,0
416,2,0,0,0,1
3398,1,0,2,5,3
3803,2,1,1,0,4
704,2,0,0,2,2
891,3,1,3,0,2
282,0,3,1,1,1
710,3,1,0,0,3
2238,1,1,1,1,1
94,2,5,0,1,1
1416,1,0,0,1,3
187,1,1,0,0,1
1798,0,1,3,2,2
712,1,0,2,0,3
3497,1,1,2,2,0
593,1,0,1,1,2
1533,3,1,0,1,0
743,0,1,1,0,1
2842,2,0,2,1,1
3084,0,4,0,2,1
2595,0,0,0,2,0
291,1,0,2,1,0
1017,2,2,1,0,0
2132,1,0,2,2,1
3746,2,2,3,3,0
3915,0,1,0,3,0
2015,2,0,0,2,3
637,0,3,0,2,0
3817,1,2,0,3,0
1083,2,0,0,0,0
220,0,0,2,3,1
1682,1,2,3,4,2
1986,1,2,0,0,1
3155,1,2,1,1,0
3266,0,2,1,2,0
1019,0,2,0,1,1
753,4,2,2,1,0
3833,1,1,1,1,1
1173,1,4,1,3,1
1403,3,1,1,3,2
989,1,2,1,1,3
231,2,3,3,4,0
215,0,2,3,0,1
3343,0,1,1,0,0
978,2,0,1,2,2
731,1,0,2,0,0
2290,1,0,0,2,0
785,0,1,2,3,1
1648,0,5,2,0,3
1132,3,0,1,2,2
1680,0,0,1,2,0
404,0,0,0,2,0
803,1,0,1,2,1
3239,0,1,0,3,2
3896,1,0,3,4,2
1841,1,0,1,2,0
3413,0,1,1,2,4
3576,0,0,1,1,0
95,0,1,1,0,1
3125,1,1,2,0,0
3916,2,1,0,0,0
1857,1,2,2,1,0
2107,0,0,0,1,1
1757,0,2,1,1,3
4,1,0,0,3,0
3060,0,1,0,0,0
3237,3,2,1,2,0
1547,1,1,1,1,1
3715,1,0,1,0,3
3267,2,1,0,5,0
180,2,0,2,0,2
1371,0,1,3,0,1
1582,2,0,2,0,0
2680,1,0,1,3,1
3104,1,0,0,0,0
1773,0,1,1,2,1
3655,0,0,0,1,1
945,1,3,0,1,1
1861,0,1,1,3,0
1016,2,1,2,3,0
386,0,0,0,2,2
2186,1,0,2,1,4
661,1,0,0,1,0
2981,1,0,1,1,0
2116,0,2,2,2,1
668,2,0,1,1,0
1881,1,0,1,0,1
3418,0,0,1,1,0
3282,1,0,1,1,0
3827,3,1,1,3,1
3625,1,4,1,1,1
1251,2,0,1,0,0
3470,1,1,2,1,4
1519,1,1,3,0,0
193,0,0,0,1,0
3922,2,1,1,0,0
405,1,0,0,0,0
2695,0,1,0,1,0
1329,1,1,4,2,0
3173,0,0,0,0,1
1027,3,4,2,1,1
1314,1,3,2,0,3
662,0,0,0,1,2
473,1,0,1,4,0
3094,1,0,0,1,1
2229,1,0,1,2,2
665,3,1,2,1,1
1941,3,2,3,4,0
3545,1,0,2,0,2
1989,2,0,0,0,0
505,0,3,3,1,1
3360,0,0,0,4,0
900,0,1,2,0,3
3123,0,0,3,0,0
3355,2,3,0,1,0
499,0,0,2,1,0
1009,0,0,0,4,1
1109,0,0,0,1,2
1342,0,2,1,1,0
2986,0,1,0,1,0
2953,0,2,0,0,0
260,0,1,0,3,0
1738,0,2,0,0,1
1894,1,0,0,0,2
3528,1,5,0,0,0
1335,3,2,2,0,0
3096,1,0,1,2,0
2858,1,2,1,1,1
783,1,5,1,1,0
1991,0,0,1,1,2
3939,1,2,0,0,2
2969,2,1,3,1,2
3288,0,1,0,2,2
2379,2,1,2,2,3
3419,0,1,3,0,1
3941,1,0,1,1,1
1716,3,2,2,1,3
2676,1,0,1,2,0
747,0,2,0,0,1
764,0,0,0,2,1
1962,0,1,1,2,1
1047,1,1,1,0,1
2901,1,1,3,1,0
1997,1,0,0,0,1
3719,2,3,1,1,0
1107,2,0,0,1,1
2110,0,1,3,0,0
2951,0,0,0,0,0
929,1,0,1,0,2
1388,1,0,0,0,2
3743,0,0,1,3,2
697,0,0,0,2,3
2149,0,1,1,0,2
692,1,0,1,0,3
1399,1,1,3,1,0
2432,2,1,1,1,3
3050,1,1,0,0,0
2085,1,2,0,0,1
2059,0,2,1,0,0
622,2,2,0,3,1
3004,0,1,0,1,0
1325,1,1,0,0,3
1302,0,4,0,0,0
208,3,2,0,0,0
1191,1,0,1,2,2
3335,0,0,0,2,1
3666,1,2,1,0,1
2134,0,3,1,2,0
3449,0,1,1,0,0
117,1,0,1,1,2
1356,0,2,0,0,1
2138,0,2,1,0,2
488,0,1,1,0,2
3484,0,2,1,1,0
335,0,0,0,1,0
156,0,3,0,0,1
910,2,0,2,1,2
1352,1,1,1,2,1
2386,2,2,4,0,3
457,2,0,1,4,0
587,1,0,2,2,2
973,0,0,2,1,1
3359,0,1,0,3,3
3227,0,0,0,2,2
390,2,2,0,3,0
1908,1,0,1,1,0
1659,1,2,0,0,2
2106,4,0,3,1,0
3741,1,3,0,1,2
1137,0,1,0,1,0
2140,2,0,0,1,3
1791,1,0,0,3,0
1247,0,0,0,1,0
2662,4,0,0,5,4
2946,0,2,0,0,0
1721,2,1,1,2,1
3561,0,1,1,0,1
3303,0,1,0,1,0
420,2,1,1,0,0
1396,3,0,1,1,0
1609,1,0,1,3,1
2387,2,0,4,1,1
3835,2,0,2,2,1
2360,0,0,2,1,1
1256,1,2,2,1,0
487,0,3,1,2,1
3512,2,1,0,0,2
855,2,1,2,4,1
1982,2,1,0,0,4
1702,1,2,2,0,4
3863,4,0,1,0,0
1808,0,0,0,2,3
2966,1,0,0,1,2
