A_id,Size,Weight,Sweetness,Crunchiness,Juiciness,Ripeness,Acidity,Quality
0,-4,-3,5,-1,2,0,0,9
1,-1,-3,4,2,1,1,-1,13
2,0,-1,-2,0,3,0,3,-7
3,-1,-2,1,0,4,-3,1,0
4,1,-1,0,-1,3,-1,1,0
5,-3,-1,-2,-1,-4,2,-3,-10
6,1,2,1,-2,3,-2,2,3
7,-2,0,2,-1,0,1,-1,5
8,-4,-4,1,-1,2,4,-5,5
9,-1,0,-4,1,0,2,2,-12
10,-3,-1,-1,-1,2,3,-3,0
11,2,-1,-2,1,-2,1,1,-6
12,0,-2,-2,2,-3,-1,-2,-8
13,-1,-2,2,2,1,0,2,4
14,3,0,-1,1,-1,1,2,-1
15,-3,-3,4,1,2,0,-1,10
16,-1,-2,-2,1,3,4,-1,0
17,0,-5,0,3,1,-3,1,-5
18,0,2,-2,3,0,0,2,-3
19,-2,0,-1,4,2,-5,-1,-3
20,-2,-3,-3,1,4,6,1,-4
21,1,-1,-1,8,1,-4,3,-1
22,-2,-1,0,1,3,1,3,-1
23,0,-1,-2,1,1,0,2,-7
24,1,-1,-1,2,-4,-2,-1,-6
25,-1,-4,-1,1,-3,2,-4,-4
26,0,-1,1,1,2,1,-3,9
27,2,1,-2,3,-1,0,-2,1
28,1,2,-2,2,0,-1,-1,-1
29,-1,2,-2,1,0,1,2,-5
30,0,-2,-3,0,-3,3,-3,-8
31,-3,0,2,1,3,-2,-3,8
32,2,-3,0,-1,3,-1,1,-1
33,-1,-1,2,0,5,-3,6,0
34,0,-1,2,3,1,1,2,8
35,-1,-2,-4,1,1,5,-1,-7
36,-3,1,-1,2,2,0,-1,0
37,4,-2,-5,2,1,2,-2,-6
38,-2,-3,4,0,1,1,-2,11
39,1,-2,1,1,5,-3,3,2
40,1,-1,-1,2,0,-1,1,-3
41,0,-2,1,3,1,2,3,4
42,-2,-3,2,0,0,1,-2,4
43,1,1,0,1,-2,-3,0,-2
44,4,3,-3,1,0,1,3,-3
45,0,0,0,5,-1,-3,1,0
46,0,-1,-1,2,1,0,-4,3
47,-1,3,-2,1,2,2,3,-2
48,-3,1,-1,1,2,3,1,0
49,-1,2,-3,1,0,2,3,-8
50,-3,1,1,-1,0,1,-2,3
51,0,-2,-2,0,2,1,1,-6
52,1,-3,-3,4,0,0,1,-8
53,1,-2,1,2,1,1,-1,7
54,3,-3,-3,-2,4,2,0,-5
55,2,-1,-2,3,2,-1,2,-3
56,2,-1,0,0,-1,2,-3,5
57,1,-1,1,1,-1,3,3,3
58,0,0,-1,3,4,0,-1,5
59,1,0,-2,-1,3,-1,1,-5
60,-3,1,0,1,3,-2,-2,2
61,-5,1,-1,-1,0,3,-1,-4
62,-3,-1,1,2,0,1,2,0
63,0,-2,-1,-2,0,1,0,-6
64,-2,-1,1,0,1,1,-1,3
65,-4,1,3,0,2,-5,2,1
66,-2,2,0,4,-3,-4,0,-3
67,-2,1,2,2,3,-1,3,6
68,-1,0,-2,0,-1,3,0,-5
69,0,-3,-1,3,-2,0,-3,-2
70,1,-3,1,0,0,3,-2,6
71,2,-3,3,-3,5,-1,4,5
72,1,-2,-5,0,3,2,1,-12
73,0,-1,0,2,-3,-1,1,-4
74,-2,-1,-2,0,-2,3,-1,-7
75,2,-2,-3,1,2,1,1,-6
76,2,1,-3,-3,2,2,0,-5
77,1,0,-1,0,1,-1,0,-2
78,-2,1,-3,-1,1,3,-1,-6
79,-2,-2,1,2,0,-1,-2,2
80,2,0,-1,-1,1,0,2,-3
81,-2,-2,3,1,2,0,-1,9
82,2,-1,-4,-1,3,1,-2,-6
83,1,-6,1,3,0,-2,2,-3
84,2,-2,-1,2,0,3,0,2
85,0,-3,-2,1,1,4,-1,-2
86,2,-1,-2,2,0,3,0,0
87,1,-1,0,-1,1,-1,1,-2
88,-1,0,-2,1,1,3,-1,-1
89,1,0,-2,1,0,0,0,-4
90,1,1,-3,1,1,1,-3,-1
91,-1,-1,0,1,2,0,-5,6
92,-1,-2,-1,2,0,2,1,-3
93,-2,-2,4,-1,1,1,-2,11
94,0,-2,-5,0,2,5,-2,-8
95,1,-1,-1,2,0,-1,2,-4
96,-1,-2,-2,0,4,3,-2,0
97,2,-1,-2,1,3,-1,3,-5
98,0,1,-2,3,-4,-1,-2,-5
99,-1,1,0,-1,1,1,-2,3
100,-2,-1,0,2,2,1,0,2
101,-1,-2,3,1,1,1,-1,10
102,-2,-3,0,2,0,1,-4,2
103,-2,1,0,1,2,0,-2,4
104,-2,0,2,2,1,-1,2,4
105,0,-1,-1,-1,-2,1,-2,-4
106,-1,-1,2,3,2,1,3,7
107,1,-2,-1,-1,2,0,0,-3
108,0,-3,0,1,-4,1,-2,-3
109,2,-3,0,1,-2,2,0,0
110,1,-1,0,0,-1,3,-2,4
111,-1,0,0,3,1,1,0,4
112,1,-4,-1,-3,4,1,2,-6
113,-2,-2,-1,0,1,0,5,-11
114,-2,-3,-2,0,4,1,5,-11
115,0,-2,-1,2,2,1,2,-2
116,-1,-3,-3,-1,4,3,1,-8
117,-1,-1,-1,2,-2,1,3,-7
118,-3,2,-1,0,2,-1,-3,0
119,-1,-3,-1,1,-3,2,-2,-5
120,-4,-1,1,2,0,1,2,-1
121,-1,0,-2,1,-1,1,0,-6
122,-3,-1,-1,0,0,2,-2,-3
123,1,-2,-1,2,-3,1,0,-4
124,0,-2,-3,3,0,-1,-1,-8
125,-2,-1,4,0,2,0,-1,12
126,-2,0,0,1,2,-1,3,-3
127,-4,0,2,0,3,-1,4,0
128,-2,0,-1,1,2,2,0,0
129,-1,-1,0,3,0,-1,3,-3
130,-3,-2,1,-1,5,0,4,-2
131,2,2,-1,3,-2,0,2,0
132,-2,-1,2,-1,-1,1,0,2
133,4,-3,-2,1,0,2,2,-4
134,0,-3,-2,2,0,2,-3,-2
135,1,0,-1,-1,3,-1,2,-3
136,0,-1,-2,0,1,0,1,-7
137,0,-3,0,0,-3,0,-3,-3
138,-1,1,-1,2,1,1,2,-1
139,0,1,0,1,0,0,-2,4
140,1,-3,-3,2,-2,3,-1,-7
141,-3,-3,-1,1,-2,2,-4,-4
142,1,-1,-3,0,3,0,0,-6
143,-1,0,0,2,-1,0,1,-1
144,-1,-1,-1,0,1,1,2,-5
145,-4,-2,0,0,4,1,4,-5
146,1,-3,1,5,4,0,0,10
147,-2,-2,2,1,4,0,-2,9
148,1,2,-1,0,1,0,3,-2
149,0,-1,-1,3,3,2,2,2
150,1,-3,0,1,2,-1,1,-1
151,-2,-1,-2,2,-4,1,0,-10
152,0,1,0,-2,-1,3,0,1
153,-4,0,1,0,3,0,3,-1
154,-2,-2,1,1,-2,1,-2,1
155,-4,0,3,-1,1,0,-2,7
156,2,-1,-3,0,0,-2,1,-11
157,-2,-1,0,3,-2,2,0,0
158,0,-2,-4,0,2,3,0,-9
159,0,0,-1,2,2,0,-5,6
160,-3,-1,-4,1,-3,4,-1,-13
161,3,1,0,6,-4,-6,3,-3
162,1,-1,1,2,1,1,2,5
163,1,-1,-3,1,0,0,2,-10
164,-1,0,-1,2,0,2,0,0
165,0,2,0,4,-1,-4,2,-1
166,-1,-2,-1,2,-2,2,-2,-2
167,1,-1,0,1,1,2,-2,6
168,2,0,-2,3,0,-1,1,-3
169,-2,-2,2,-1,-1,3,-2,5
170,1,-3,1,2,0,-2,1,0
171,-3,-2,-1,0,0,1,2,-9
172,0,0,0,1,0,2,0,3
173,-1,-3,-3,2,-1,6,-2,-4
174,0,-1,3,0,-1,2,3,6
175,-3,0,2,-1,2,0,-2,6
176,2,-2,2,1,-1,-2,-1,5
177,-1,1,1,-1,0,0,-2,4
178,-3,-2,-2,0,1,3,0,-7
179,0,-3,0,3,3,1,-1,5
180,2,-2,0,3,-1,3,3,2
181,-2,-3,3,1,1,1,0,7
182,-3,-1,-1,-1,1,3,-1,-3
183,-2,-1,2,0,1,0,-3,7
184,-5,-1,0,2,1,4,2,-1
185,0,-2,-5,-2,5,3,3,-14
186,-2,2,-1,0,-2,1,2,-6
187,-3,-1,-2,-1,0,4,-2,-5
188,-3,-2,3,0,2,0,-4,10
189,-3,-1,1,0,2,3,-1,5
190,0,-1,1,1,0,2,1,4
191,3,-1,-5,-1,3,2,0,-9
192,-2,1,-1,0,-1,2,1,-4
193,-2,-1,-1,0,2,1,0,-3
194,-3,-1,1,1,1,0,1,0
195,1,-1,0,1,0,-4,4,-7
196,-1,0,0,0,-1,2,0,0
197,-2,0,1,1,1,0,0,3
198,-2,-2,-1,0,2,0,5,-10
199,-4,-2,0,1,0,2,3,-6
200,-1,-1,-2,0,2,1,2,-7
201,-4,0,2,1,2,0,4,1
202,1,-3,2,2,3,-3,3,3
203,-3,0,-3,0,0,4,0,-8
204,0,-1,2,1,1,1,1,7
205,0,-2,-2,2,-1,1,-2,-4
206,-4,-1,0,0,3,2,2,-2
207,4,0,-1,3,4,-2,0,6
208,1,-3,3,0,-1,3,-1,10
209,-1,-1,-3,-1,0,4,-2,-6
210,-1,-1,0,4,2,1,1,4
211,0,-1,-2,0,-1,1,-3,-4
212,2,-4,-1,-3,2,2,2,-6
213,-1,0,-1,2,3,0,-3,4
214,-1,-2,3,2,2,-2,-1,9
215,3,-1,-2,4,-1,0,2,-3
216,0,-1,-1,2,0,2,0,0
217,2,1,0,-1,2,-1,3,0
218,0,-2,0,3,0,-3,0,-2
219,0,-3,2,1,0,2,-2,8
220,0,0,0,2,4,-4,2,0
221,2,2,-2,-2,-1,1,1,-5
222,1,-1,-1,3,1,-2,2,-3
223,-1,-2,2,-3,3,-2,1,0
224,1,-1,1,0,1,-1,3,0
225,-2,-3,-1,-2,1,4,-4,-1
226,1,-1,-2,2,0,0,2,-6
227,-1,-3,-4,-1,-4,2,-6,-13
228,-2,-1,1,4,3,0,1,6
229,-1,0,0,2,-3,-2,0,-4
230,-1,1,-3,2,0,1,1,-7
231,-3,-2,3,3,4,-1,-1,11
232,0,0,-1,2,2,-3,1,-3
233,1,0,-2,0,4,-1,0,-2
234,-2,-1,-2,2,-1,2,1,-7
235,-5,0,3,-1,2,0,-2,7
236,-2,-1,0,1,1,3,1,1
237,0,-1,-1,2,-1,1,0,-2
238,3,0,-1,3,-1,-2,1,-1
239,-1,0,-2,2,-1,0,-1,-5
240,-2,-2,-1,1,1,3,3,-5
241,-2,-2,3,1,1,-2,4,1
242,0,-1,-3,3,-1,0,-1,-7
243,-5,0,2,-1,-1,1,0,0
244,-3,1,3,0,3,-5,7,-2
245,3,-3,-3,2,-1,1,-1,-6
246,1,0,-1,-1,-2,3,0,-2
247,-2,5,0,4,-2,-4,1,0
248,0,-2,-2,0,1,2,-1,-4
249,-2,-1,1,2,3,0,0,5
250,-4,-2,0,-1,2,2,-5,2
251,5,0,1,3,4,-2,4,9
252,0,-1,1,-2,-1,2,-3,4
253,-3,0,2,4,-5,1,-1,4
254,-1,2,-1,0,-3,0,0,-5
255,1,0,-1,3,-1,-1,0,-1
256,-4,-1,-1,1,1,3,-2,-1
257,-2,4,-4,0,1,1,-2,-6
258,-2,0,-2,0,2,-2,-1,-7
259,-1,1,1,1,2,-1,1,4
260,2,1,-1,0,-4,4,0,0
261,-3,-1,1,1,0,-1,3,-4
262,3,-1,-2,-2,2,2,3,-5
263,-1,0,-1,0,0,1,-1,-2
264,0,-1,0,3,-3,-1,1,-3
265,1,1,-2,0,1,0,1,-4
266,-2,-1,0,2,0,1,3,-3
267,0,-2,-4,0,1,3,0,-10
268,-2,-1,0,0,1,3,0,1
269,0,0,1,5,-3,-5,2,-2
270,0,-1,0,1,-1,2,1,0
271,-1,0,2,1,0,-3,2,1
272,-3,-1,1,0,4,0,2,1
273,0,-2,1,2,1,1,0,5
274,2,-1,-1,1,-1,1,1,-2
275,3,-5,1,1,-1,5,1,5
276,-6,5,0,-1,2,-3,-5,2
277,-3,0,1,0,3,-1,2,0
278,-2,2,-2,-2,0,2,1,-7
279,-1,0,-2,0,2,0,2,-7
280,1,-1,-4,1,1,2,0,-8
281,0,-2,-1,1,-1,2,-2,-1
282,-5,-1,4,-1,1,-1,-1,6
283,4,-2,-3,4,0,4,0,1
284,1,-4,-2,1,0,0,0,-8
285,0,-2,-3,1,0,3,0,-7
286,-5,-2,-1,0,-2,2,-3,-7
287,-4,-1,1,2,-2,2,0,0
288,-2,-1,4,0,-1,2,4,6
289,0,0,-3,1,0,2,0,-6
290,-3,0,2,1,1,-2,4,-1
291,-1,-1,0,3,1,1,0,3
292,-1,-1,2,2,2,0,1,7
293,-3,-1,2,1,0,-1,2,0
294,0,-5,-1,3,3,-2,3,-7
295,1,0,1,2,0,0,2,4
296,-1,-1,-1,2,2,0,3,-4
297,-4,-2,1,2,0,2,2,-1
298,1,0,-1,1,-1,-3,3,-8
299,-3,0,2,2,2,-1,0,6
300,-3,-1,1,0,0,2,-2,3
301,1,1,-1,2,1,-2,1,-1
302,1,-4,1,2,0,3,2,3
303,3,-4,0,-1,1,0,0,-1
304,-3,-1,3,1,1,-1,4,2
305,-2,0,-2,2,4,0,-4,2
306,-2,0,0,-1,3,-1,4,-5
307,-3,-3,-2,0,2,4,3,-9
308,2,0,-2,2,-1,0,0,-3
309,0,-1,-1,1,0,1,-1,-1
310,2,2,1,1,3,-2,6,3
311,-3,0,1,0,2,0,-1,3
312,-5,-2,5,-2,1,0,-2,9
313,-2,1,0,1,3,0,1,2
314,-2,1,2,2,-1,-2,1,3
315,3,-3,-4,2,2,1,0,-7
316,0,1,-1,2,2,0,-2,4
317,-4,1,4,2,-1,-4,4,2
318,-2,-2,-1,1,-2,1,-3,-4
319,-2,-1,1,0,3,-1,2,0
320,-1,-3,0,3,3,-3,0,-1
321,0,0,-2,2,-2,0,-1,-5
322,3,0,-5,0,4,1,0,-7
323,-3,1,-2,1,2,3,1,-3
324,5,-1,-4,3,0,1,-1,-3
325,0,-3,3,3,1,1,3,8
326,-1,1,1,4,-2,0,0,5
327,4,-2,-2,0,2,1,3,-4
328,3,-3,-1,3,3,-1,2,0
329,1,-2,-5,0,0,3,-1,-12
330,-1,-1,1,1,1,1,-1,5
331,3,1,-1,-3,-1,3,3,-3
332,1,0,0,1,1,-2,3,-2
333,-2,-2,1,2,-2,-1,-2,0
334,-4,-1,3,0,1,1,-1,7
335,1,0,0,1,-1,-2,-1,0
336,-3,-3,5,2,2,-1,-2,14
337,-1,2,2,3,1,-5,3,3
338,-1,-3,1,3,-3,-1,-2,0
339,-2,-2,0,1,1,0,5,-7
340,0,-1,-1,0,1,3,-1,1
341,3,1,-5,2,-4,2,-3,-8
342,1,-2,-1,0,0,0,0,-4
343,2,-2,-2,1,2,0,2,-5
344,1,-2,1,0,3,-3,2,0
345,1,-2,0,1,2,-2,3,-3
346,2,-3,-3,1,-1,1,1,-10
347,-1,0,-1,0,4,2,-2,4
348,2,1,1,1,-1,-1,3,2
349,1,-2,1,-2,-1,3,-4,6
350,-3,-1,2,1,3,-1,-1,6
351,4,-5,2,1,-2,6,3,7
352,1,-3,0,3,0,2,2,1
353,-1,-1,0,1,2,-1,2,-2
354,1,-2,0,-3,4,-1,2,-3
355,-5,-1,3,2,1,1,2,5
356,1,-3,0,3,-1,0,-1,1
357,1,1,1,3,-1,-3,3,1
358,-3,-1,-1,-1,-1,4,0,-5
359,-2,-3,-1,0,-3,1,-4,-6
360,-2,-4,-2,-1,4,3,2,-8
361,4,-1,-2,0,2,0,2,-3
362,-2,0,0,2,2,0,-2,4
363,1,-1,-2,3,0,-1,1,-5
364,0,-2,0,1,-1,-1,4,-7
365,-5,0,-2,0,2,2,-4,-3
366,0,0,-4,1,1,0,-1,-9
367,3,-4,-2,0,-1,3,1,-6
368,-3,1,0,0,3,-1,-3,3
369,1,-2,-4,2,-1,1,-2,-9
370,1,-1,1,2,2,-3,2,2
371,-2,-1,-5,0,-1,4,-2,-13
372,-2,-3,-1,0,-1,3,-3,-3
373,-1,2,-1,-1,1,-1,0,-3
374,-2,-2,2,1,2,0,-1,6
375,2,-1,0,1,3,-1,4,0
376,-1,-1,0,2,1,1,0,2
377,2,-3,0,3,2,3,1,6
378,2,-1,-1,3,1,3,0,5
379,-2,-3,-2,0,3,2,3,-9
380,-2,1,-2,-1,0,3,1,-6
381,-3,-1,0,1,0,-1,5,-9
382,-1,-2,1,3,3,0,-3,9
383,1,-5,-1,1,2,-2,-1,-5
384,0,-1,-1,3,-1,-2,-2,-2
385,2,-2,-3,-1,1,2,-1,-6
386,-2,-1,0,0,2,-1,2,-4
387,-1,0,-1,1,2,2,-1,2
388,1,0,-3,3,-2,0,-1,-6
389,-2,-2,2,1,0,-1,4,-2
390,0,-2,-2,-1,4,2,0,-3
391,-3,-1,-2,1,-2,0,-3,-8
392,0,0,2,0,0,-2,2,2
393,-5,2,-3,-1,3,4,-1,-5
394,-2,-2,2,0,-3,-1,-2,0
395,0,1,0,1,-1,0,-2,3
396,3,-1,-2,1,0,1,2,-4
397,0,0,-3,4,-3,2,-1,-5
398,1,-2,1,3,3,1,0,9
399,-1,3,-3,0,-1,4,4,-8
400,-1,0,-2,1,2,-2,-2,-4
401,1,0,-3,3,1,-1,0,-5
402,1,2,-1,-1,0,0,0,-1
403,-1,-1,-1,0,2,1,1,-3
404,-4,-1,0,1,2,3,1,0
405,1,-1,-1,1,-1,-1,0,-4
406,1,0,1,0,3,-2,3,2
407,1,0,0,2,-3,-2,0,-2
408,2,-3,0,2,1,3,0,5
409,-1,2,-2,1,0,0,1,-5
410,0,-1,-3,1,-2,2,-1,-8
411,-1,-2,3,0,2,2,0,10
412,-1,-5,4,3,1,2,3,9
413,-1,-2,-1,0,2,2,-3,1
414,0,0,-2,2,-2,1,0,-5
415,-3,0,-1,1,0,3,-2,0
416,0,2,-1,1,0,-1,1,-2
417,4,2,2,1,1,-1,5,8
418,0,-1,1,2,-2,0,2,0
419,1,-5,-1,0,5,-2,1,-5
420,-1,-3,1,1,0,2,-1,3
421,-3,1,-2,-2,1,4,0,-5
422,3,-1,-2,4,1,2,1,2
423,0,0,-1,0,0,1,-2,0
424,-4,-1,3,-1,1,0,-2,6
425,-1,1,1,4,-2,1,0,6
426,0,0,0,1,1,0,-2,4
427,0,-1,1,2,1,-3,-1,3
428,3,-4,-1,4,1,3,2,2
429,-3,1,0,0,2,-1,-4,3
430,0,0,-5,3,-4,2,2,-16
431,-1,1,0,1,-2,-1,-2,0
432,-2,-1,0,0,2,1,-1,1
433,2,-4,2,3,1,3,3,8
434,1,0,-2,1,1,-1,0,-4
435,0,-3,-2,3,-3,-1,-4,-6
436,1,1,0,2,3,-2,4,1
437,0,-1,0,1,0,0,-1,1
438,1,-3,0,1,-4,-1,-3,-3
439,-1,0,-2,3,-3,0,0,-7
440,-1,0,-1,2,1,0,-1,0
441,-1,-3,-1,3,-5,0,-1,-8
442,-2,0,1,0,4,-1,-4,8
443,0,0,0,2,2,0,0,4
444,0,2,1,0,1,-2,3,1
445,-1,0,0,2,1,-3,0,-1
446,-2,-2,0,2,0,1,3,-4
447,-2,-2,1,2,3,0,-2,6
448,-3,-1,-4,1,0,4,-3,-8
449,2,-3,0,3,-2,-2,-2,0
450,-3,-2,2,2,3,1,2,5
451,-2,-3,1,-1,0,3,-3,3
452,-1,0,0,0,1,1,-2,3
453,2,0,-2,1,1,0,3,-5
454,-1,-3,3,0,0,1,0,6
455,0,-4,4,-1,-1,4,1,9
456,0,2,-2,1,-1,2,1,-3
457,-1,-2,-1,1,-5,1,-1,-8
458,-3,1,0,1,3,-2,-2,2
459,-1,-2,-2,1,4,2,2,-4
460,0,0,0,2,-1,0,0,1
461,0,1,0,1,2,-3,2,-1
462,-4,1,1,-1,2,0,-1,2
463,0,-1,0,2,0,3,2,2
464,-2,0,0,0,0,-1,-2,-1
465,1,-3,0,4,-1,-2,0,-1
466,-1,-3,-1,2,2,-3,1,-7
467,-1,-1,2,0,-1,2,-1,6
468,0,0,2,2,-3,-1,3,1
469,-3,-2,2,0,3,1,2,3
470,-1,-2,-2,2,0,-1,0,-8
471,1,-1,-2,1,-2,1,0,-6
472,0,2,-2,1,-3,0,-2,-4
473,0,-2,-1,2,-4,0,-1,-6
474,2,2,-1,0,0,0,2,-1
475,-1,-5,0,0,-2,2,-4,-2
476,2,-2,-1,1,0,3,-1,2
477,-3,-1,-1,1,1,3,0,-2
478,3,0,-2,-1,2,0,0,-2
479,2,-1,-1,1,-1,3,1,0
480,2,-2,-1,2,2,2,-1,4
481,2,-1,0,1,-1,3,2,2
482,0,1,-3,2,1,2,1,-4
483,0,-3,-1,3,0,-1,1,-5
484,-5,3,-1,1,4,-3,-2,-1
485,0,0,-3,0,-2,1,-1,-9
486,-2,-1,-1,1,3,3,0,1
487,-5,0,4,1,3,-3,-2,10
488,-3,1,1,2,1,-1,2,1
489,1,2,-3,1,0,1,2,-6
490,-2,-1,-2,0,-2,2,-2,-7
491,0,1,-3,3,-1,-1,0,-7
492,1,-4,1,4,3,1,1,7
493,0,0,-2,1,0,-1,-1,-5
494,-2,1,-2,1,2,2,0,-2
495,-3,1,0,1,2,-1,-3,3
496,-3,-2,3,1,3,-1,-2,9
497,-3,-1,2,0,3,0,-3,8
498,-2,2,-1,0,-1,1,-1,-2
499,0,-1,0,2,1,-2,1,-1
500,2,3,0,0,2,-2,4,1
501,-1,0,3,-2,-1,1,-2,8
502,-3,0,4,3,-2,-4,5,1
503,-2,1,-1,2,1,1,-1,1
504,1,-2,2,1,1,1,1,7
505,0,-1,-4,3,1,-2,-1,-10
506,-2,-1,-1,4,1,1,0,0
507,0,-2,-3,0,0,0,0,-11
508,-2,-2,-1,2,-1,4,-2,0
509,2,0,-1,3,1,-2,4,-3
510,0,-2,-1,3,-3,0,0,-5
511,3,-1,-2,2,0,1,4,-5
512,3,-3,0,4,-3,-2,0,-1
513,-1,0,-1,0,0,0,-1,-3
514,1,1,-1,1,0,-1,-1,0
515,3,-3,-2,2,2,-1,1,-4
516,-3,-1,-1,1,-1,2,2,-7
517,1,-1,-2,1,-1,0,-1,-5
518,0,-1,-3,4,-1,-1,-2,-6
519,-1,0,-2,1,1,1,-1,-3
520,3,-1,-2,1,-2,1,0,-4
521,0,0,-3,0,-1,1,-1,-8
522,2,1,-3,-2,2,1,3,-8
523,1,-2,-3,2,-2,1,-1,-8
524,-2,0,-1,1,-1,0,-2,-3
525,2,0,1,3,-2,-2,3,1
526,1,-7,0,2,4,-2,2,-4
527,1,-1,2,1,-1,-1,1,4
528,0,0,-1,2,1,1,1,0
529,0,-1,-3,1,3,3,0,-3
530,2,-2,3,1,-1,-1,0,8
531,-1,0,-3,2,-2,3,1,-8
532,-3,-2,-2,-2,6,3,2,-6
533,0,-1,0,3,2,0,0,4
534,1,-2,-4,1,1,4,0,-7
535,-2,-1,0,1,0,2,-3,3
536,-1,-1,1,1,0,-3,4,-5
537,1,0,-4,1,-2,3,1,-10
538,-3,2,3,-1,1,-1,-4,11
539,-3,-3,2,3,0,-5,0,-2
540,0,-1,1,-1,1,2,-2,6
541,-2,-2,0,0,-3,0,-3,-4
542,0,-3,0,1,0,-1,-1,-2
543,-5,-1,6,2,1,-2,4,9
544,-3,0,1,0,1,1,-3,5
545,0,-1,-2,1,-2,1,0,-7
546,-4,2,1,-2,0,-1,-4,2
547,-2,1,1,2,0,-2,0,2
548,-2,0,-1,1,0,2,1,-3
549,-1,-1,-5,-1,0,6,-2,-10
550,-2,-3,3,2,3,0,0,9
551,1,-3,0,0,3,-2,3,-4
552,0,-3,-2,2,-3,0,-3,-7
553,-2,0,-4,0,-1,1,-2,-12
554,-4,-1,1,-2,2,2,-3,3
555,3,-2,-4,1,1,2,-1,-6
556,3,-3,-1,0,4,-1,3,-3
557,-1,1,1,0,2,-1,-3,7
558,-1,-1,-1,1,2,2,-2,2
559,2,0,-1,1,2,2,-2,6
560,1,0,-3,1,1,1,-2,-3
561,2,-6,-1,1,1,0,-1,-4
562,0,-1,1,0,-1,2,0,3
563,1,-2,1,3,-1,-1,0,3
564,-1,-1,2,3,2,0,1,8
565,1,-1,-1,2,-1,1,0,-1
566,-2,1,-2,-1,1,3,-1,-3
567,1,-2,1,2,-1,2,-1,6
568,0,-2,0,2,-1,0,-1,0
569,0,-1,1,1,1,1,-1,6
570,4,0,-1,-1,4,1,5,0
571,0,1,-3,0,2,0,-1,-5
572,-3,2,-3,-1,0,3,1,-9
573,4,-5,-2,-1,2,2,2,-6
574,0,-4,4,2,3,1,-1,15
575,2,2,2,-2,0,-1,5,2
576,0,0,-1,3,1,1,1,1
577,0,0,-2,0,2,0,-1,-3
578,1,0,-1,2,-1,-1,2,-4
579,-3,2,0,-1,1,0,-3,2
580,-2,0,1,2,2,0,3,2
581,3,-2,-5,-1,4,1,0,-10
582,2,-1,-2,2,2,1,-1,1
583,3,-1,-2,2,1,0,1,-2
584,0,-2,1,0,1,2,-1,5
585,-3,-1,-2,0,1,5,0,-4
586,-1,0,-1,1,0,2,1,-2
587,-3,-1,0,3,-3,2,3,-5
588,-2,0,-1,3,-2,-2,-1,-5
589,-2,-1,-1,1,-1,0,-2,-4
590,2,-1,-2,2,0,0,0,-3
591,0,-1,1,0,0,2,-5,9
592,3,1,-1,1,-1,0,3,-2
593,-2,-2,0,1,1,1,3,-4
594,-1,0,2,0,0,-1,0,4
595,3,-2,-4,-1,3,1,1,-9
596,-1,-1,2,0,3,-3,4,0
597,-2,-1,0,-1,2,-2,0,-4
598,0,0,2,1,1,-4,1,3
599,-1,0,1,3,2,1,2,6
600,-1,-2,3,1,0,2,0,9
601,2,1,-4,1,-1,2,0,-7
602,0,-1,-1,0,0,3,1,-2
603,0,-3,-2,3,0,-1,1,-8
604,0,-1,-2,1,-1,0,1,-8
605,3,-4,-3,1,1,1,2,-9
606,3,-2,-5,1,0,2,0,-11
607,-1,1,0,0,-2,-1,1,-4
608,-1,-4,-1,1,3,-2,0,-6
609,1,1,-3,-1,0,1,1,-8
610,-1,-2,1,0,0,1,-2,3
611,-2,0,0,1,2,1,0,2
612,2,-3,0,-1,4,0,4,-2
613,-1,-2,-2,1,-1,1,-3,-5
614,-1,1,-1,-1,-3,0,1,-8
615,2,-1,-3,-2,3,2,2,-7
616,2,0,-2,3,-2,0,1,-4
617,-1,0,-1,2,-1,2,-1,0
618,3,-1,-5,1,0,2,-2,-8
619,-2,0,0,1,2,0,3,-2
620,-1,-2,2,0,-1,0,-1,3
621,-1,-4,-2,2,-1,3,-4,-3
622,1,-2,-3,0,4,2,1,-5
623,-1,-1,-2,0,1,1,1,-7
624,1,1,-3,4,0,1,1,-3
625,0,-2,2,1,2,1,-1,9
626,-3,-3,2,1,3,1,3,2
627,2,-3,-1,2,3,-1,2,-2
628,-3,-2,4,-1,0,1,0,7
629,0,0,0,1,-1,1,0,1
630,-1,-1,2,1,3,-2,3,3
631,0,-1,-2,1,-1,2,0,-5
632,0,-2,0,3,0,2,2,1
633,0,-1,0,1,2,-2,3,-3
634,6,1,-1,1,3,1,7,2
635,-2,0,2,2,-1,0,-2,7
636,-2,-1,0,2,-1,1,2,-3
637,0,-1,-4,0,3,3,0,-7
638,0,-1,1,1,-2,0,1,0
639,-4,1,1,-2,0,1,-4,3
640,-1,0,0,-1,0,2,1,-1
641,0,-2,2,2,0,0,0,6
642,0,0,0,4,-3,1,-2,4
643,0,-1,1,3,4,-4,3,2
644,-3,-1,1,1,0,0,4,-4
645,3,0,1,3,-1,-2,2,4
646,-2,0,1,-1,0,1,-1,2
647,0,0,-1,1,-2,3,-1,0
648,1,-1,-1,1,-1,-1,-2,-2
649,-3,-2,4,2,2,0,1,10
650,-2,-2,3,3,3,0,0,11
651,0,-2,-1,3,4,-3,3,-4
652,0,-2,0,2,-3,-1,-2,-2
653,0,-3,4,-1,-1,2,-1,10
654,0,-1,-2,2,0,3,-1,-1
655,-4,-1,2,2,-1,0,3,-1
656,1,0,-2,3,0,0,0,-2
657,-4,0,2,2,-2,1,0,3
658,0,0,-2,3,-1,-1,1,-6
659,0,1,0,1,2,-3,1,0
660,-1,-1,1,2,0,1,0,4
661,-1,-1,-1,0,1,1,1,-4
662,-2,-1,1,1,1,1,-2,5
663,0,1,-2,2,-6,-1,3,-13
664,2,0,-5,1,2,3,-1,-6
665,0,-3,1,3,1,2,2,4
666,0,3,-2,2,-1,-1,-1,-2
667,-2,0,-4,-2,0,5,-1,-10
668,1,-3,1,2,-1,4,0,6
669,1,0,-1,2,2,-2,3,-3
670,-3,-1,0,1,3,1,3,-2
671,2,-1,-1,0,0,1,2,-3
672,1,4,-3,2,-3,0,0,-5
673,-2,0,-2,-1,1,4,1,-5
674,2,1,-1,3,4,-3,3,1
675,2,2,-1,0,0,0,0,1
676,0,-2,1,2,-6,-3,-1,-5
677,-3,0,0,0,1,1,0,-1
678,0,2,-3,2,0,2,-3,0
679,-1,-3,2,3,3,1,1,8
680,2,0,0,1,-2,0,3,-2
681,0,0,0,3,-1,-2,1,-1
682,0,0,0,0,2,-1,0,1
683,1,-3,1,3,2,-3,1,2
684,-4,-2,1,1,2,2,2,0
685,-1,0,0,1,-2,1,0,-1
686,-4,-1,1,0,2,1,2,-1
687,0,-1,2,1,1,0,-2,9
688,-2,2,-1,0,-2,-2,-1,-6
689,0,-1,-1,-1,2,-1,0,-4
690,-4,0,3,2,1,0,2,6
691,-4,-1,-1,1,2,3,1,-3
692,-1,1,0,-2,0,1,-3,2
693,1,-1,-1,-1,0,-1,-2,-3
694,2,-1,-3,0,-1,0,-1,-8
695,-3,-1,-1,1,2,1,4,-7
696,-1,-2,-2,2,0,0,-3,-4
697,-1,0,1,0,3,-1,-4,8
698,0,1,-2,1,2,1,-2,1
699,-1,-1,2,0,1,1,-2,8
700,-3,2,-1,0,-1,2,2,-5
701,0,0,-3,0,4,0,1,-6
702,1,-1,-3,2,2,2,-1,-2
703,1,0,-1,2,-2,0,3,-5
704,-3,2,-1,0,2,-2,-3,-1
705,2,0,-1,1,0,-1,1,-2
706,-3,-3,0,0,1,4,-2,1
707,0,1,-1,0,1,-1,3,-5
708,-1,2,-1,-1,-2,1,-3,-1
709,0,1,1,2,-1,-3,2,0
710,-3,-3,1,0,0,2,-4,3
711,2,2,-1,1,0,-3,-2,1
712,-4,-1,-1,3,-1,3,4,-7
713,0,0,-1,1,0,1,1,-2
714,-4,1,2,1,2,-1,0,5
715,1,2,-1,-1,-2,1,2,-4
716,3,-2,0,0,2,0,3,0
717,0,0,0,2,0,-2,4,-4
718,0,-4,1,1,-2,1,-2,1
719,-1,0,1,2,0,-3,0,1
720,-3,1,-3,0,-3,4,2,-12
721,-3,-1,0,0,4,1,3,-2
722,-1,-3,3,2,1,2,0,10
723,2,-1,0,1,2,1,-2,7
724,-1,0,2,-2,0,1,-4,8
725,1,-1,-1,1,0,1,-1,0
726,-2,0,0,1,0,0,0,-1
727,0,-3,-4,0,2,4,1,-10
728,0,-3,0,3,-2,-1,-2,-1
729,0,0,-1,2,-1,1,-4,3
730,0,-2,-2,-2,3,0,-1,-6
731,1,-1,-1,2,0,2,-1,2
732,2,1,-3,4,-3,1,-2,-2
733,-1,-2,3,3,3,-1,-2,13
734,-2,-2,2,0,2,1,0,5
735,-1,0,1,1,2,1,-1,7
736,1,-2,0,2,3,-2,2,0
737,-2,0,0,1,2,1,0,2
738,3,-1,1,-2,4,0,4,3
739,-2,0,2,1,1,-1,0,5
740,-2,0,0,2,2,-1,-3,4
741,0,0,-1,4,-1,-2,0,-2
742,-3,0,0,0,2,1,4,-4
743,1,-1,-2,1,1,1,-1,-2
744,0,-2,1,1,0,1,-1,4
745,0,-1,1,0,-1,2,-3,6
746,-5,-4,1,0,4,3,5,-4
747,0,-1,-2,0,1,0,-2,-4
748,0,-2,1,1,2,1,-3,8
749,1,-1,-1,2,1,-2,2,-4
750,2,-2,-1,3,-4,-1,0,-5
751,1,-3,-3,2,0,0,-2,-7
752,-1,-2,0,-2,1,-1,0,-5
753,1,-5,3,2,2,3,1,11
754,2,1,-4,2,-1,1,2,-9
755,-3,-1,0,0,1,2,1,-2
756,-1,0,-2,2,0,0,-1,-4
757,-4,-1,1,3,-2,2,2,-1
758,1,-1,0,2,1,2,-2,7
759,2,0,-2,0,2,0,3,-5
760,0,-1,1,0,1,-2,1,0
761,4,-3,-2,3,2,0,0,0
762,-1,-2,4,-1,0,1,-1,10
763,-1,1,-2,1,-1,-1,-2,-5
764,-3,-1,0,1,2,1,-1,1
765,1,-2,0,3,2,1,-1,6
766,-3,-1,1,2,3,-1,-1,4
767,0,0,-1,0,3,-2,0,-2
768,1,0,-3,1,0,0,1,-8
769,2,1,-1,0,3,-3,0,0
770,1,2,-1,1,0,-1,3,-3
771,1,-1,0,1,2,-2,2,-1
772,-2,-2,-1,1,2,1,2,-5
773,-2,0,-1,3,-2,2,-1,-1
774,1,0,-2,-1,0,0,0,-6
775,1,-3,-3,1,1,0,-1,-8
776,1,2,-2,3,-1,-1,1,-3
777,1,0,-2,3,-1,-1,0,-4
778,-1,-1,0,1,-2,1,-1,-1
779,-3,0,3,0,3,-1,-2,10
780,-1,-4,3,2,0,2,-1,9
781,1,-1,1,0,0,-2,3,-2
782,-2,-2,1,1,-2,1,0,-1
783,1,-1,-5,1,2,4,0,-8
784,-2,0,1,2,2,0,0,5
785,-4,1,1,2,3,-3,-1,3
786,3,0,0,-4,3,2,5,-1
787,2,-2,-3,4,2,-1,0,-4
788,0,1,-2,2,1,1,-3,2
789,-1,-1,-2,0,-2,1,-3,-6
790,-1,-3,-2,0,3,2,4,-9
791,-2,-1,-2,2,-1,0,-3,-5
792,-1,-3,-1,0,-1,1,-3,-4
793,-2,-1,-1,1,0,2,-1,-2
794,0,1,0,5,0,-4,-1,3
795,1,-3,-2,2,-4,1,-2,-7
796,1,1,1,1,-1,-2,1,2
797,-2,-2,4,-1,-1,0,-1,7
798,-2,-2,1,0,-1,1,-2,1
799,-1,-3,-1,1,-1,2,-3,-2
800,1,-2,-1,2,-1,0,-2,-1
801,-1,-2,-4,0,3,4,0,-8
802,-2,0,-3,3,-4,0,-1,-11
803,-1,-1,0,1,2,2,1,2
804,0,-1,1,-1,-1,3,0,3
805,0,0,-1,1,-2,-1,0,-5
806,-1,-1,-1,1,-1,0,-2,-3
807,0,0,0,-3,3,-1,3,-4
808,-1,-2,-1,2,-1,-1,-1,-5
809,1,0,-1,0,-1,0,1,-4
810,-1,-3,-2,1,3,3,3,-6
811,-5,2,-3,-1,1,4,0,-8
812,2,-2,-2,1,-2,0,-1,-6
813,2,-4,-3,2,1,0,0,-8
814,1,1,0,3,-2,-2,-1,2
815,-1,-2,1,1,0,0,0,1
816,0,-3,1,1,3,-3,2,-1
817,0,1,1,3,-3,-2,1,1
818,-3,0,0,1,2,0,-3,3
819,2,-2,-1,3,1,2,-1,4
820,-3,0,0,4,6,-2,-4,9
821,0,1,-1,1,2,-1,-3,3
822,1,-4,3,1,-3,0,-1,5
823,-1,1,-2,1,-1,2,3,-7
824,1,-2,-2,-3,1,1,2,-10
825,1,-1,-3,1,0,0,1,-9
826,0,2,-2,0,-1,0,1,-6
827,-1,0,-1,0,-1,-1,-2,-4
828,0,-2,3,0,-1,3,2,7
829,3,-1,-2,4,0,-1,1,-2
830,-3,-1,1,2,3,0,-2,6
831,0,2,1,-2,2,-2,2,1
832,-4,-1,3,0,1,0,-2,7
833,0,-2,3,1,0,2,3,7
834,1,-3,-2,1,1,2,0,-4
835,0,-3,1,2,2,2,-2,8
836,-1,-1,1,2,4,0,0,7
837,2,-4,2,2,-2,-2,-3,5
838,1,-2,1,1,2,-2,2,1
839,-2,1,0,0,0,1,-3,3
840,1,0,0,-2,-2,4,-2,3
841,-4,0,2,0,4,1,-2,9
842,3,-2,-2,3,2,-1,2,-3
843,0,1,-1,0,-1,-4,2,-9
844,-3,-1,0,1,3,3,2,1
845,-2,1,-3,0,2,3,-1,-4
846,0,-1,1,1,1,-3,2,-1
847,0,-3,1,2,0,3,0,5
848,-1,1,-1,2,3,-4,1,-3
849,-3,3,0,0,1,-2,-3,2
850,0,-2,2,2,0,1,1,6
851,2,-2,0,-1,3,0,3,-1
852,2,-4,1,3,-1,4,1,6
853,0,-3,1,1,0,3,-1,5
854,1,-2,0,-2,2,0,3,-4
855,0,-3,-2,2,-4,0,-2,-9
856,-3,0,-4,1,-3,1,-3,-13
857,2,-1,-4,1,-2,3,1,-10
858,-1,-1,-3,-1,3,0,4,-13
859,0,-1,2,1,1,-1,-1,7
860,2,-2,0,0,-1,4,1,2
861,-2,-1,-2,1,1,2,0,-5
862,-1,-3,-1,1,3,3,3,-3
863,-1,-1,-1,0,-1,2,0,-4
864,-1,-1,0,1,2,1,-2,4
865,2,-3,-1,-1,3,0,1,-3
866,1,0,-1,1,-1,0,-1,-1
867,0,-2,-1,-2,3,0,1,-5
868,-1,-1,-1,1,0,1,0,-3
869,-1,0,-3,0,-1,3,-1,-7
870,2,0,0,-1,-2,2,-3,4
871,-2,-1,1,1,3,-2,5,-3
872,0,1,0,0,0,-2,-1,0
873,0,-1,-3,1,1,2,3,-9
874,1,0,-1,0,1,-1,-1,-1
875,0,-1,-4,2,1,4,-2,-4
876,-2,2,0,-1,-1,1,-1,0
877,0,1,-2,3,-2,-2,1,-7
878,-3,0,-2,0,1,4,-1,-3
879,1,-2,-3,1,-3,0,-3,-9
880,-4,-2,2,2,-1,0,3,-2
881,2,-3,1,4,1,2,0,9
882,2,-1,-3,-1,2,-1,2,-10
883,0,-1,-3,-1,3,2,-1,-5
884,2,0,-1,3,1,-2,0,1
885,0,-2,1,1,-2,0,-1,1
886,2,1,-1,5,-2,-1,2,0
887,-3,-4,1,1,2,3,4,-2
888,0,-2,0,3,-2,0,0,-1
889,2,-6,4,2,1,3,2,12
890,1,0,-2,1,-3,0,0,-7
891,3,-4,-2,4,0,-1,-2,-2
892,-1,-1,1,3,-1,0,-1,4
893,0,-2,0,4,-1,-2,1,-2
894,0,-1,1,-1,1,-2,1,-1
895,-1,4,-2,4,-2,-2,0,-3
896,0,-4,-2,2,-1,-1,-1,-9
897,-2,-1,1,0,1,1,-3,5
898,-2,-2,0,1,3,4,-1,5
899,2,-4,3,3,0,2,3,9
900,0,0,1,2,0,-3,3,-1
901,-1,0,-3,2,2,4,-2,0
902,-2,2,-3,0,1,1,-4,-3
903,3,1,0,5,0,-2,2,5
904,1,-3,-1,2,4,-1,3,-3
905,0,-1,-3,3,-1,-1,0,-9
906,1,-2,-4,4,-3,0,-1,-11
907,-1,-2,1,-1,1,2,-3,5
908,0,-1,3,1,0,-1,1,7
909,-1,0,-1,0,-1,2,1,-4
910,2,-3,1,2,1,3,2,6
911,0,3,0,2,0,-3,2,0
912,0,-2,1,1,-1,3,0,4
913,-1,0,0,1,-3,1,1,-3
914,-4,-2,-2,2,0,2,-3,-5
915,3,-5,2,4,0,3,3,8
916,1,-1,0,3,-3,-1,0,-1
917,-1,-1,0,-3,0,-1,-1,-5
918,-1,-1,-3,0,0,0,-2,-9
919,-3,0,-2,2,0,1,-2,-4
920,0,-1,1,2,0,1,-1,6
921,-1,1,-3,0,1,2,0,-6
922,0,-1,-1,3,2,0,-3,4
923,-3,-1,-2,-2,2,4,-4,-2
924,-1,-2,2,2,1,-1,3,2
925,-2,1,-1,-1,1,0,-4,0
926,-3,-2,-1,1,2,4,0,-1
927,-1,-3,3,1,3,0,-2,11
928,0,-1,-1,1,1,2,0,0
929,1,1,-1,1,-1,1,-2,2
930,1,1,-3,3,0,2,1,-3
931,-1,0,0,0,1,1,-1,2
932,-3,-3,-3,-1,3,5,2,-10
933,0,0,0,1,-1,-1,0,-1
934,3,-5,-2,-1,5,0,2,-6
935,-2,-3,1,2,-1,-1,-2,0
936,2,-2,-3,2,-4,-1,-1,-11
937,-2,-2,-1,0,-1,3,-1,-4
938,-2,0,1,0,1,-1,0,1
939,-1,1,-2,1,0,-1,1,-7
940,-3,2,-3,1,2,1,1,-7
941,-2,-1,-1,1,-2,2,0,-5
942,-1,-1,0,3,-1,-3,-1,-2
943,-1,-2,-1,2,-1,2,0,-3
944,-1,1,-1,2,1,0,0,0
945,-4,-2,4,-1,1,0,-1,7
946,-2,-1,0,0,-1,2,-2,0
947,2,-1,-1,1,2,-1,2,-2
948,-1,-1,1,-2,0,-2,1,-4
949,1,-3,-1,3,2,-2,5,-7
950,3,-1,-3,2,-1,2,2,-6
951,0,0,-1,0,0,0,2,-5
952,0,0,0,0,1,0,-3,4
953,1,-3,2,2,1,2,-1,10
954,2,-4,-2,1,1,5,-2,1
955,1,0,-3,0,0,1,0,-7
956,-1,0,0,1,-1,0,-2,1
957,2,-2,-2,1,-1,1,-1,-4
958,-3,-2,-1,0,-1,2,-3,-4
959,0,-3,2,1,0,3,1,6
960,2,-3,-4,0,0,2,1,-12
961,0,0,-3,3,-1,-2,-1,-8
962,-2,-2,0,2,2,1,-1,2
963,-3,0,3,-1,1,-1,-3,8
964,-2,2,-3,1,-3,1,1,-11
965,-5,1,-3,0,0,3,-1,-9
966,1,0,-3,0,2,0,0,-6
967,2,1,-1,4,-2,-1,-1,2
968,2,-3,0,-1,3,-1,1,-1
969,-2,-1,-1,2,-1,1,-2,-2
970,0,-2,0,1,-2,1,-1,-1
971,1,-2,-3,1,2,1,3,-9
972,-1,0,0,0,0,-2,1,-4
973,-1,-1,0,3,-1,-2,-1,-1
974,-1,-2,-1,3,3,-3,2,-5
975,-1,0,-2,0,3,1,3,-6
976,3,-3,-6,-1,6,2,3,-14
977,1,0,-2,2,-1,1,1,-4
978,-2,-2,0,1,2,1,3,-3
979,-3,-3,0,2,0,2,4,-6
980,0,0,-4,-1,3,3,0,-7
981,0,-3,3,1,3,1,-1,12
982,-3,0,2,-1,2,1,-1,6
983,4,-2,0,-2,4,1,4,1
984,-3,-1,-1,0,1,3,-1,-2
985,-2,2,1,-1,2,-3,1,0
986,-1,-1,-2,0,2,2,1,-5
987,1,0,-3,0,3,0,0,-5
988,0,-3,1,4,2,2,0,8
989,-3,-2,3,-1,1,1,-3,8
990,0,1,-1,2,-1,0,0,-1
991,0,0,0,0,1,-3,6,-8
992,1,0,-2,2,2,1,-1,1
993,-1,1,3,-2,0,-3,3,1
994,1,-1,0,1,-1,-1,2,-3
995,0,-1,-2,1,1,0,-2,-3
996,2,-4,-2,2,1,0,3,-8
997,3,0,-4,0,2,0,-1,-6
998,-1,-1,0,1,2,1,-1,3
999,-1,0,0,1,1,0,1,0
1000,-1,-2,-1,2,-2,2,1,-5
1001,0,1,-3,1,-1,1,1,-8
1002,-3,0,1,1,2,-1,-3,5
1003,0,-5,-2,2,1,-1,-1,-8
1004,0,-3,-4,1,-5,4,0,-15
1005,-2,-1,-1,0,0,0,4,-10
1006,-1,0,-2,1,-2,-1,-1,-8
1007,-1,-2,-6,3,-3,2,-2,-17
1008,1,-1,-3,-1,3,1,-1,-5
1009,0,-1,-1,0,4,-2,2,-4
1010,-4,-1,0,1,2,2,4,-4
1011,-1,-1,1,-1,1,1,-3,5
1012,0,-1,-2,0,0,-1,4,-12
1013,0,0,0,3,-3,0,-3,3
1014,-1,0,-1,0,1,-1,0,-4
1015,2,-1,-4,3,-1,1,1,-9
1016,0,-2,-1,2,-3,1,-1,-4
1017,1,-3,-3,1,0,2,1,-9
1018,2,-2,0,1,0,2,-1,4
1019,1,0,2,0,-1,-2,1,3
1020,0,-1,-1,0,0,1,-2,-1
1021,2,-2,0,2,0,0,4,-2
1022,-2,0,-3,-1,1,5,0,-6
1023,-1,-5,-1,3,0,-2,0,-8
1024,-1,0,2,-1,0,-2,2,0
1025,-4,-3,-2,0,4,5,3,-7
1026,-1,-2,-3,2,-1,1,-3,-7
1027,0,-3,4,2,-2,-3,-2,8
1028,-1,2,-1,-1,0,1,-2,0
1029,-3,-2,3,1,1,1,0,7
1030,2,-1,1,3,0,1,-1,9
1031,-2,1,2,-1,0,1,-3,8
1032,0,-2,0,1,1,-1,1,-2
1033,-2,-1,0,1,3,2,1,2
1034,-4,0,2,2,0,1,2,3
1035,-2,-1,1,2,4,-1,-3,8
1036,-2,-1,-1,-1,0,5,-1,-1
1037,-1,-1,-1,1,1,0,2,-5
1038,0,-2,-2,0,2,1,3,-8
1039,2,-4,0,2,3,-1,3,-1
1040,2,2,0,-1,-2,0,1,0
1041,-2,-3,4,1,2,0,0,10
1042,0,-1,0,-1,4,-2,2,-2
1043,0,-1,-2,2,-3,1,0,-7
1044,1,-1,-3,-1,4,1,1,-6
1045,1,-2,-1,2,-4,-1,-1,-6
1046,-3,2,0,0,2,-1,-4,4
1047,2,-1,-1,1,0,0,2,-3
1048,0,-2,0,1,-1,0,-1,-1
1049,1,-1,-1,4,-6,-2,1,-8
1050,-2,-4,-1,4,0,-3,-1,-7
1051,2,-1,-2,0,0,0,0,-5
1052,-2,1,-1,0,2,-1,-4,1
1053,-1,-1,-2,1,0,1,0,-6
1054,2,-3,-2,4,3,-2,1,-3
1055,0,-1,2,2,2,0,0,9
1056,-1,-1,-3,1,0,2,1,-9
1057,1,-3,-1,2,-2,1,-1,-3
1058,-2,1,-1,2,5,-2,-4,5
1059,-1,-2,-2,1,1,3,-2,-2
1060,-2,1,-1,2,4,-1,-2,3
1061,-1,-2,1,2,0,1,2,1
1062,2,0,-6,2,0,5,-5,-4
1063,1,1,-3,2,0,2,2,-5
1064,-1,0,-1,0,1,0,1,-4
1065,-3,2,0,-3,4,5,2,3
1066,0,0,-1,2,-1,0,1,-3
1067,-1,-1,3,2,-1,-2,1,5
1068,1,-1,0,1,1,-2,0,0
1069,-1,0,-3,1,3,1,1,-6
1070,-1,-1,-1,1,0,3,0,-1
1071,2,-4,-3,2,-1,1,-2,-7
1072,-1,-2,-1,2,-1,-2,-1,-6
1073,0,-2,1,1,-1,2,-1,4
1074,-4,0,0,-1,-1,3,-1,-2
1075,1,-4,-2,3,0,-1,0,-7
1076,0,1,0,2,0,0,2,1
1077,-1,-2,-1,0,3,1,3,-5
1078,-1,-1,2,2,2,0,-1,9
1079,1,-2,-1,2,2,-2,2,-4
1080,1,-3,1,4,2,2,0,9
1081,-2,0,0,3,-1,-4,-3,-1
1082,-1,0,2,0,1,0,-1,7
1083,1,2,-1,0,-1,-1,-1,-1
1084,1,-3,-1,0,-1,0,0,-6
1085,2,0,-3,-1,2,0,-1,-5
1086,-1,0,0,1,1,-2,4,-5
1087,-2,-3,-2,1,-1,-1,-1,-11
1088,-5,-2,0,0,2,3,3,-5
1089,0,-2,-2,2,-2,3,-3,-2
1090,-1,2,1,-2,-1,1,-2,4
1091,1,-1,-5,0,4,4,-1,-6
1092,-2,-1,-1,2,1,2,0,-1
1093,2,-4,0,-2,-4,1,-4,-3
1094,-2,0,-2,2,1,2,1,-4
1095,-1,-1,1,-2,-1,3,-1,2
1096,-1,-1,1,-1,-2,0,-1,-1
1097,2,-1,0,3,-1,-1,2,0
1098,4,-2,-1,2,4,-1,4,0
1099,3,1,-1,3,3,-2,2,3
1100,-2,0,-2,0,0,2,-1,-5
1101,0,-3,2,2,0,3,2,6
1102,-2,-1,2,2,0,0,0,5
1103,-2,-2,-3,1,0,3,-4,-5
1104,0,1,0,1,-2,-1,1,-2
1105,1,-1,-1,-1,1,0,3,-6
1106,2,-2,1,2,0,2,-1,8
1107,-2,3,0,0,1,-1,-2,3
1108,3,-3,-5,3,2,1,0,-9
1109,1,-1,1,0,1,-1,3,0
1110,-6,-1,6,2,1,-1,5,8
1111,0,-1,-1,-1,-1,0,0,-6
1112,2,0,-2,2,-2,0,0,-4
1113,-1,-2,-2,0,4,2,2,-5
1114,2,1,0,3,0,-1,2,3
1115,-2,-1,0,0,0,2,-2,1
1116,-2,-1,3,-1,-2,2,2,3
1117,-4,4,-1,-1,1,-1,-5,1
1118,0,-2,3,1,2,0,-2,12
1119,-4,1,0,1,3,-2,-5,4
1120,0,0,-2,3,4,-3,0,-2
1121,3,-4,-2,2,1,0,-1,-3
1122,-1,-1,-2,0,4,2,2,-4
1123,-2,0,-2,1,1,-2,-1,-7
1124,-5,-2,2,-1,1,2,-3,4
1125,1,0,-2,2,1,1,2,-3
1126,0,-2,0,2,0,1,-1,2
1127,-1,-2,3,0,1,1,-3,11
1128,-1,0,-1,0,2,3,0,1
1129,0,1,-2,2,0,2,-2,1
1130,1,-2,-3,1,3,0,3,-9
1131,0,-5,1,2,-1,-1,-5,3
1132,2,-4,-1,2,-3,1,-2,-3
1133,-1,-2,2,1,0,0,-1,5
1134,-1,-2,-1,1,-2,0,-1,-6
1135,3,0,-2,2,3,-1,0,1
1136,0,0,-1,1,0,3,0,1
1137,-1,-1,1,0,1,1,-1,4
1138,-2,-1,2,4,-1,1,-1,8
1139,-1,1,1,-1,-2,2,0,2
1140,0,-2,0,1,-3,0,0,-4
1141,-2,-1,1,1,1,1,0,3
1142,1,-4,1,-1,4,-2,3,-2
1143,1,0,-2,0,2,1,-2,0
1144,-1,-1,1,1,0,1,0,3
1145,2,-2,-1,2,0,-1,3,-5
1146,-4,-2,1,1,0,0,4,-6
1147,4,-2,-3,2,2,1,2,-4
1148,3,-2,-2,2,2,0,1,-2
1149,1,-1,-1,0,3,-1,2,-3
1150,2,-1,-3,0,-1,2,-1,-6
1151,-3,0,2,-1,-2,1,1,0
1152,1,-4,1,0,-3,1,-3,1
1153,-2,-2,-1,0,-1,2,-3,-3
1154,-1,0,-1,-1,2,-3,6,-12
1155,-3,-1,-2,1,0,4,0,-5
1156,0,-1,-1,1,-3,2,1,-5
1157,0,2,-1,0,-1,2,1,-1
1158,0,-2,1,2,-3,-1,-1,0
1159,0,-2,0,1,-1,1,1,-2
1160,2,-1,1,2,-1,1,2,4
1161,-1,0,1,0,2,-2,3,-1
1162,3,-2,-1,2,1,-1,1,-1
1163,-2,-4,0,-1,-1,3,-5,0
1164,-2,-2,0,0,-1,1,-3,-1
1165,-1,0,1,-1,-1,4,2,2
1166,-1,-1,0,0,-3,1,-1,-3
1167,-1,-2,2,1,0,2,2,4
1168,4,0,-5,-1,2,-1,1,-12
1169,1,0,-1,2,-1,-1,0,-2
1170,-3,-1,-1,0,0,4,-1,-2
1171,-2,1,2,3,-2,-4,2,0
1172,-2,-1,1,3,1,1,2,3
1173,1,-1,-4,-1,4,3,-2,-4
1174,-2,-1,-3,-1,-1,3,-3,-8
1175,0,0,2,0,4,-3,4,3
1176,-1,0,2,2,0,0,2,5
1177,-2,-2,3,-1,1,1,-4,10
1178,1,-3,1,2,1,3,0,7
1179,1,1,-2,2,-1,-1,1,-5
1180,1,0,-1,1,1,2,0,2
1181,1,-3,0,1,2,-2,1,-2
1182,2,-3,1,2,-1,3,-1,7
1183,1,3,-2,4,-1,-2,1,-2
1184,-2,2,0,0,1,-1,-3,3
1185,-2,-1,-2,-1,2,5,-1,-2
1186,1,0,1,-1,2,-2,3,0
1187,-1,-1,0,3,-3,1,-1,0
1188,3,-4,-3,2,0,1,0,-7
1189,1,-2,-1,2,-4,0,-1,-5
1190,3,0,-5,-1,5,0,1,-9
1191,-3,-2,-1,1,2,3,3,-5
1192,2,-1,-3,1,0,1,-1,-5
1193,-1,-3,-1,0,3,1,5,-8
1194,-2,-1,1,2,-1,0,4,-3
1195,-4,0,3,2,-1,-1,6,-1
1196,0,-1,0,1,0,2,0,2
1197,-1,1,0,0,2,-1,-5,6
1198,2,2,0,1,-1,-1,1,2
1199,1,0,0,4,-1,-1,2,1
1200,-4,-2,-1,0,0,2,-4,-3
1201,3,-2,0,-2,5,-1,3,0
1202,-2,0,1,-1,3,-2,4,-3
1203,-1,-4,1,2,-2,0,-3,1
1204,-1,-2,1,2,3,0,-2,7
1205,-3,2,-3,-1,0,3,1,-9
1206,2,0,-2,0,4,0,-1,1
1207,1,2,0,1,-2,-1,1,0
1208,3,-2,0,3,-1,2,-1,6
1209,-2,-1,0,2,3,0,0,2
1210,0,0,-2,2,2,2,2,-2
1211,-3,-1,3,-1,2,1,-1,8
1212,-2,-4,6,2,3,0,2,15
1213,-4,-1,3,1,0,0,3,2
1214,0,-2,0,-1,4,-2,3,-4
1215,-4,1,-2,1,0,2,0,-6
1216,2,-2,0,1,2,-1,4,-2
1217,-2,-1,-1,-2,1,3,-3,-1
1218,3,-5,-3,2,4,0,1,-6
1219,-1,-1,2,0,1,2,0,7
1220,-2,-3,-1,0,1,-1,1,-9
1221,-1,-1,3,0,3,0,0,10
1222,0,-4,3,0,0,3,1,7
1223,1,-1,1,0,5,-2,4,2
1224,0,-3,-3,1,0,0,-3,-8
1225,-1,-1,1,2,0,2,1,4
1226,2,0,-2,3,-2,0,2,-5
1227,-1,-1,0,0,4,0,2,0
1228,1,-2,-2,3,0,-1,0,-5
1229,1,1,0,2,-1,-1,-1,3
1230,0,-2,-1,2,-1,-1,-3,-2
1231,-2,-3,0,-1,-1,2,-4,-1
1232,-3,-2,-1,1,2,1,6,-10
1233,-1,-1,-1,2,-2,0,-2,-3
1234,-1,0,1,2,-1,-1,0,2
1235,1,0,-4,3,-1,2,1,-8
1236,1,-1,-2,2,-3,1,-1,-5
1237,1,-4,-1,0,0,-1,-1,-6
1238,-3,-2,-4,1,-1,2,-4,-11
1239,1,-2,-1,2,-3,1,0,-4
1240,0,-2,-1,1,2,0,1,-3
1241,1,-1,-2,3,0,-2,0,-5
1242,-2,-2,1,-1,-2,0,-3,-1
1243,0,-2,1,1,-3,-1,0,-2
1244,-2,-4,3,1,1,1,0,6
1245,0,-4,3,3,-4,-3,-1,2
1246,2,-2,0,1,5,-2,3,1
1247,0,-1,-1,1,2,0,1,-2
1248,0,-4,4,0,0,3,-1,12
1249,-2,-1,1,0,2,-2,5,-5
1250,1,1,0,1,1,-2,3,-1
1251,-1,-2,0,2,-1,1,0,-1
1252,-2,-1,0,1,1,1,2,-2
1253,2,-1,-4,2,1,1,0,-7
1254,-2,-2,2,2,2,0,1,5
1255,-1,-1,-2,1,1,2,-1,-3
1256,2,-2,-3,3,-1,2,0,-5
1257,2,-1,-1,3,-4,-3,-1,-5
1258,0,1,-1,2,-1,1,-4,4
1259,1,0,-2,0,-2,3,-4,0
1260,0,3,-3,0,0,2,-1,-3
1261,1,0,-3,2,1,-1,1,-7
1262,2,0,0,-2,5,-1,2,2
1263,1,-2,-4,0,1,2,0,-10
1264,-3,0,3,1,3,-1,-2,11
1265,2,-3,2,2,4,-3,3,5
1266,-2,-1,-2,1,0,4,0,-4
1267,-1,-1,0,2,0,0,2,-2
1268,-1,-2,-1,1,2,-2,-1,-4
1269,-2,1,-4,0,-1,3,0,-11
1270,-1,-1,2,0,1,0,-1,6
1271,-4,1,0,-1,0,1,-2,-1
1272,-2,0,1,4,0,-5,2,-2
1273,0,-1,-2,0,2,0,3,-8
1274,-2,0,-1,1,4,3,0,3
1275,-3,-1,-1,0,0,3,-2,-2
1276,-1,-1,0,2,3,0,3,0
1277,1,-5,4,3,1,2,2,12
1278,0,1,-2,0,-1,0,2,-8
1279,2,-5,3,1,0,3,-1,11
1280,-1,-1,-1,0,2,0,3,-6
1281,-1,-3,-2,0,-2,1,-5,-6
1282,0,1,-2,1,-2,0,0,-6
1283,3,-5,1,6,2,2,2,9
1284,3,0,-5,-1,2,1,-2,-8
1285,-1,-1,-3,-1,-1,1,-4,-8
1286,0,-3,-4,1,3,4,0,-7
1287,-3,0,1,1,2,0,2,1
1288,3,-4,-3,1,-1,2,-3,-5
1289,0,0,-1,0,0,1,0,-2
1290,-1,-4,1,1,-1,2,-2,2
1291,1,-4,3,2,1,2,0,11
1292,0,0,-2,1,0,0,0,-5
1293,-2,-1,-1,-1,2,2,0,-3
1294,-2,-2,-1,0,1,2,-3,-1
1295,-4,-2,3,0,1,0,-2,6
1296,-1,0,-1,3,1,1,0,1
1297,0,-4,2,2,1,2,2,5
1298,-2,0,1,1,3,-1,-3,7
1299,-2,-3,-4,1,-1,3,-4,-10
1300,-1,-1,2,0,1,1,-3,9
1301,4,-2,-1,4,-4,-4,0,-5
1302,-2,1,-4,1,0,3,0,-9
1303,-1,-1,-2,1,1,2,0,-4
1304,0,-2,0,3,1,-3,0,-1
1305,-5,1,4,3,-1,-2,3,5
1306,-3,-1,1,1,-1,1,2,-2
1307,-2,1,1,0,1,-1,-2,4
1308,-2,-3,1,0,-4,2,-2,-2
1309,-2,0,1,0,1,0,0,2
1310,0,-2,-1,1,-2,1,-2,-3
1311,-3,1,1,0,3,-1,-2,5
1312,2,-1,-3,2,-3,1,-1,-7
1313,-2,-3,0,2,-2,2,-3,0
1314,-5,-2,3,3,1,0,4,2
1315,-1,-1,1,1,1,1,-1,5
1316,1,-5,3,3,0,3,4,7
1317,3,-5,2,3,-1,4,2,8
1318,-3,-1,-2,1,0,5,-1,-3
1319,0,-2,-4,1,1,3,-1,-8
1320,-1,-1,-1,0,3,-1,2,-5
1321,-1,-3,0,2,-2,2,-2,0
1322,-1,-1,0,2,1,0,1,0
1323,0,-2,-1,1,2,-2,1,-5
1324,1,1,-1,0,0,0,0,-1
1325,0,1,-1,-1,1,1,-4,3
1326,2,1,-4,2,0,1,-1,-5
1327,3,-2,0,1,-1,4,1,4
1328,1,-1,-6,3,-1,2,0,-14
1329,0,-1,-2,5,-3,-1,0,-6
1330,1,-1,-3,2,-2,0,-1,-8
1331,0,-2,-2,4,-3,0,-1,-6
1332,1,0,-4,0,0,3,0,-8
1333,-2,-1,-1,1,-3,1,-1,-6
1334,0,0,-1,0,3,-1,1,-2
1335,3,-4,-2,3,0,0,1,-5
1336,-1,2,0,2,1,0,1,3
1337,1,-1,1,0,-2,4,0,5
1338,-2,-2,-2,2,2,2,-4,0
1339,1,-3,-1,1,2,-2,0,-4
1340,1,-2,0,1,-1,3,0,2
1341,2,-4,0,0,5,-1,5,-3
1342,0,0,-2,-1,2,4,-1,0
1343,-2,0,0,-2,0,2,-2,0
1344,-1,-2,0,1,-2,-2,-3,-3
1345,-1,-2,2,1,2,0,-1,7
1346,2,-1,0,1,-2,4,1,3
1347,1,0,0,2,0,-1,1,1
1348,1,-1,-3,1,1,2,-1,-4
1349,1,1,-1,1,2,-1,1,0
1350,-3,-1,1,1,-1,1,2,-2
1351,2,-2,-3,1,-2,1,-1,-8
1352,-3,-1,-1,1,-3,1,-1,-7
1353,-2,0,0,0,2,1,-2,3
1354,4,-4,-3,1,0,2,0,-6
1355,-1,-2,0,2,0,2,-2,3
1356,3,0,-3,-1,0,2,2,-7
1357,-2,-1,-1,0,1,2,1,-4
1358,-1,3,-4,0,2,0,-3,-5
1359,-2,0,0,2,0,1,1,0
1360,-5,-1,0,2,-1,4,1,-2
1361,2,-1,-4,1,-2,1,-1,-10
1362,2,-4,-1,0,3,0,2,-4
1363,2,-1,1,2,0,-1,1,4
1364,-1,0,0,0,-3,1,1,-4
1365,-2,2,-3,-1,-1,4,1,-8
1366,-4,-2,1,1,2,0,5,-5
1367,1,0,-1,1,0,1,0,0
1368,-2,-1,3,-2,0,1,-2,7
1369,2,-4,-4,2,1,1,0,-10
1370,0,-4,3,-1,0,3,-1,8
1371,-1,0,-1,3,-1,1,2,-3
1372,-1,-1,-1,0,1,3,0,-1
1373,2,-3,0,2,0,0,3,-2
1374,-4,-3,-2,0,4,6,1,-4
1375,-2,1,-1,0,2,1,-1,0
1376,1,-3,1,-1,3,-1,3,-1
1377,-1,0,0,2,-1,-2,1,-3
1378,0,2,2,0,2,-4,4,2
1379,-2,0,0,0,1,0,2,-3
1380,-2,0,-1,-1,2,3,0,-1
1381,6,-3,-4,0,1,4,2,-6
1382,-1,2,0,4,0,-4,2,-1
1383,0,-2,3,2,-4,-3,0,2
1384,0,0,1,1,-1,2,-1,6
1385,1,1,0,-1,2,-1,4,-2
1386,1,-6,4,4,2,3,2,14
1387,-2,-3,4,1,0,1,1,8
1388,-2,-1,0,1,0,1,-3,2
1389,-4,-1,2,-1,1,0,-4,5
1390,-4,-1,2,-2,1,3,0,3
1391,1,0,-4,-1,2,1,0,-9
1392,1,0,-1,0,-1,1,1,-3
1393,1,-1,-1,0,0,0,1,-4
1394,-3,2,1,-2,-1,0,0,-1
1395,1,-3,-1,3,-4,-2,-2,-6
1396,0,-4,-1,-1,2,0,1,-7
1397,1,-2,0,0,2,-1,2,-2
1398,1,-2,0,1,1,2,-2,5
1399,3,-1,1,4,-2,-4,0,3
1400,1,0,-3,1,2,0,0,-5
1401,-6,1,2,2,2,3,1,7
1402,0,-1,0,-1,-2,3,0,-1
1403,0,3,-1,1,3,-3,2,-1
1404,3,-2,-3,0,2,0,0,-6
1405,0,0,-2,1,-2,0,0,-7
1406,0,-4,0,1,2,-1,3,-5
1407,-1,-1,0,1,0,1,-1,1
1408,-1,1,-2,0,2,2,0,-2
1409,-2,-1,-2,0,-1,4,-1,-5
1410,-5,2,1,-2,1,0,-2,1
1411,-5,-1,5,1,1,-2,6,3
1412,-1,3,0,2,3,-4,1,2
1413,-1,1,-2,1,1,0,-3,-1
1414,-2,-2,2,0,0,2,0,4
1415,0,1,-1,2,-2,0,-3,1
1416,-4,-2,0,0,2,3,-3,2
1417,1,0,-4,2,-1,1,0,-9
1418,-1,-1,1,2,1,2,3,3
1419,0,-1,-2,2,0,2,0,-3
1420,-1,-5,0,3,0,-3,0,-6
1421,0,1,-4,2,-2,0,-4,-7
1422,-1,-1,3,1,-1,-4,4,-1
1423,2,-3,-3,1,-2,1,-3,-7
1424,-2,-2,-1,2,1,4,-1,1
1425,1,1,0,0,2,-2,1,1
1426,-2,0,1,2,2,-1,-3,7
1427,-2,0,2,2,2,-2,4,2
1428,1,0,-1,2,0,0,2,-2
1429,0,-2,0,0,-2,-1,-3,-2
1430,-2,-1,-2,2,-2,0,-2,-7
1431,-1,2,-1,0,1,0,1,-2
1432,1,0,-1,2,-1,-1,1,-3
1433,-3,-4,0,-1,0,3,-4,-1
1434,0,-2,-4,0,0,4,-2,-8
1435,2,0,-2,0,2,-3,1,-6
1436,0,-2,-1,1,2,3,-1,2
1437,-2,-1,2,-1,0,1,-1,4
1438,3,-2,-1,1,2,0,1,0
1439,0,0,0,0,0,1,2,-1
1440,-2,-2,-1,2,0,1,-2,-2
1441,-1,-2,0,3,-1,1,1,-1
1442,1,-4,-1,2,5,-2,2,-3
1443,-1,-2,-3,1,3,4,0,-4
1444,-1,-1,-2,1,-1,1,0,-7
1445,2,-3,1,2,-3,-1,-1,1
1446,1,4,-2,0,-4,1,0,-4
1447,-2,1,1,1,2,-1,-5,9
1448,0,1,0,1,-1,-1,1,-1
1449,-1,-1,-1,2,1,1,-1,0
1450,2,-1,2,3,-2,-2,0,6
1451,2,1,-2,1,3,0,2,-1
1452,3,-3,-2,1,2,0,0,-3
1453,-3,-1,-1,2,-1,5,-3,2
1454,1,0,-1,2,1,1,-2,4
1455,-4,-2,-3,1,0,4,-3,-7
1456,1,-1,0,-1,2,-1,2,-2
1457,1,0,0,1,-1,-1,0,0
1458,2,-5,5,1,-1,4,0,16
1459,2,-2,-2,2,2,0,2,-4
1460,2,-1,-6,2,-3,3,0,-15
1461,0,-3,-1,2,0,-1,3,-8
1462,0,0,1,1,0,1,-2,7
1463,1,-4,-5,6,2,-1,-1,-10
1464,-1,1,1,0,0,0,-4,7
1465,-4,-2,2,1,1,1,5,-2
1466,3,-1,0,3,1,-1,4,1
1467,-1,1,0,4,0,-4,2,-2
1468,2,-3,2,2,1,1,-3,12
1469,-1,-4,0,1,3,3,2,0
1470,4,-2,-2,-1,5,0,3,-3
1471,3,0,0,2,-3,-3,2,-3
1472,1,-3,2,0,-1,3,-1,7
1473,-3,1,1,1,2,-1,-1,4
1474,0,-1,-3,3,2,3,0,-2
1475,-1,0,-1,2,-2,0,2,-6
1476,2,-1,-4,3,-3,1,-3,-7
1477,2,-3,-1,0,2,0,1,-3
1478,3,1,1,1,4,-2,4,6
1479,-1,0,1,2,1,0,0,5
1480,-1,1,0,-6,3,0,1,-4
1481,-1,2,-1,1,0,-2,0,-3
1482,0,2,0,1,2,0,3,2
1483,-2,-2,1,1,1,0,-3,4
1484,0,-1,-3,0,4,2,2,-6
1485,0,-2,4,-3,2,-2,3,4
1486,3,0,-1,2,0,0,1,1
1487,-3,-1,0,2,-1,2,1,-2
1488,-3,-1,2,-1,1,1,0,3
1489,-2,-3,-2,2,-1,4,-2,-4
1490,-1,0,-2,2,1,0,-2,-2
1491,-2,2,-2,4,-3,-2,-1,-6
1492,1,-2,0,3,-1,-2,1,-2
1493,-4,-2,0,0,-1,3,-3,-1
1494,2,0,-1,-1,1,0,3,-4
1495,-1,-1,0,2,2,-3,2,-3
1496,1,-1,-3,2,-1,2,0,-6
1497,3,1,-2,0,0,-2,-1,-3
1498,2,1,-2,1,0,2,0,0
1499,-1,-1,1,1,-2,0,0,0
1500,-1,-1,-3,1,-1,2,-2,-7
1501,1,0,-1,3,-1,-1,1,-2
1502,1,-3,-2,2,2,-1,2,-7
1503,0,-2,0,1,2,-2,0,-1
1504,-5,-1,3,1,4,1,3,6
1505,2,0,-2,1,1,0,0,-2
1506,0,-1,0,3,1,-3,0,0
1507,0,-4,-1,2,1,-1,1,-6
1508,-5,-1,3,2,-1,0,2,2
1509,3,-1,-2,3,-2,0,1,-4
1510,1,-4,-1,1,3,-1,2,-5
1511,0,0,-3,7,-5,-1,-1,-7
1512,0,-2,-2,-1,3,-1,5,-12
1513,-1,-2,1,2,-2,1,1,0
1514,0,2,-2,4,-1,-1,2,-4
1515,-3,1,-1,0,-1,2,1,-5
1516,-7,4,0,0,3,-2,-2,0
1517,-1,-1,0,2,0,-1,3,-4
1518,-1,-1,-1,1,5,1,3,-1
1519,0,-1,1,3,0,1,1,5
1520,-2,-1,-4,0,1,4,-2,-8
1521,-1,-3,0,0,3,0,4,-5
1522,1,-1,-3,1,3,0,2,-7
1523,2,-7,4,1,2,3,-2,15
1524,-2,-1,-2,1,1,1,-2,-4
1525,4,3,-3,4,-2,0,1,-1
1526,2,0,-2,3,-2,-1,0,-4
1527,-3,-1,1,2,0,2,3,0
1528,-1,-1,-1,2,-3,0,0,-6
1529,0,-2,1,2,-3,-2,-1,-1
1530,0,-2,-1,2,1,-3,-1,-4
1531,0,-1,-1,-1,2,-1,0,-4
1532,2,-2,-2,0,2,-2,4,-10
1533,0,-3,1,0,-1,4,-1,4
1534,3,-4,-3,0,5,1,1,-5
1535,1,-2,1,1,1,2,-2,8
1536,0,-2,1,1,0,1,0,3
1537,-1,0,-3,-1,-4,2,-1,-12
1538,-4,-1,0,0,4,2,4,-3
1539,-2,1,-2,0,-1,2,1,-7
1540,-2,0,-2,2,0,3,0,-3
1541,0,-2,2,3,3,-4,3,3
1542,0,0,2,3,-1,-2,0,6
1543,0,-4,2,4,3,1,1,9
1544,0,0,-1,1,1,-2,-3,0
1545,-4,-2,0,2,0,5,-2,3
1546,-2,3,-2,1,3,-1,-4,2
1547,0,2,-1,-1,-2,2,-2,0
1548,3,-4,-2,-2,3,2,1,-5
1549,-1,-1,1,1,0,1,-2,5
1550,3,-1,0,0,1,0,2,1
1551,4,-3,0,-2,3,1,3,0
1552,0,-2,1,2,1,1,1,4
1553,1,0,0,1,4,-3,1,2
1554,-2,-2,0,1,-3,1,-2,-3
1555,0,2,-2,0,-2,-1,1,-8
1556,-1,-3,4,1,2,1,-1,13
1557,4,0,-2,0,2,1,2,-1
1558,-1,-3,1,1,-4,-2,-3,-3
1559,0,0,1,-1,4,-2,3,1
1560,2,-2,1,2,1,1,-2,9
1561,1,-4,-2,-1,2,1,0,-7
1562,2,0,-1,-1,1,1,2,-2
1563,-2,0,1,0,-2,1,1,-1
1564,2,-1,1,-2,3,-1,5,-1
1565,-2,-1,1,2,-3,0,0,-1
1566,1,-1,2,1,4,-3,4,4
1567,-2,-1,0,3,-2,1,1,-2
1568,-3,0,1,2,1,-4,1,-2
1569,1,-3,-1,3,-4,-1,-1,-6
1570,-2,0,0,3,2,0,-1,4
1571,-1,-1,-3,-1,1,5,-2,-4
1572,1,0,-1,3,1,-2,1,-1
1573,3,1,-2,1,1,-2,0,-2
1574,1,-2,-2,3,1,-1,0,-4
1575,3,-2,-2,2,1,0,2,-4
1576,1,-1,0,1,1,-2,3,-3
1577,0,2,-2,1,-1,-1,0,-5
1578,-1,-3,1,1,1,2,0,3
1579,-2,-2,1,2,2,1,1,3
1580,1,0,1,0,3,-2,3,2
1581,1,0,-4,1,1,2,-2,-5
1582,1,-2,0,3,1,2,0,5
1583,-1,-3,1,2,-2,-3,-4,0
1584,-2,1,-1,2,0,1,0,-1
1585,-1,-1,0,0,-2,2,0,-2
1586,2,-1,-3,2,2,0,-1,-3
1587,-2,-1,-2,0,1,2,-2,-4
1588,1,2,0,2,0,-2,2,1
1589,-2,-2,3,0,2,1,-1,9
1590,1,-5,3,3,3,2,1,12
1591,-1,-1,-1,0,2,0,2,-5
1592,-3,1,-1,-1,0,1,-2,-3
1593,-3,0,1,0,2,-1,3,-2
1594,0,-1,2,2,0,-3,5,-1
1595,-3,0,1,-1,1,0,-2,2
1596,-1,0,2,1,0,1,-1,8
1597,2,1,-2,-2,3,1,2,-3
1598,-3,-2,1,2,0,2,2,0
1599,1,-1,-2,2,0,0,1,-5
1600,1,0,0,2,0,-2,1,0
1601,0,-4,4,1,2,1,-1,13
1602,1,-2,-3,1,1,0,-2,-6
1603,1,-2,-1,-4,2,1,-1,-4
1604,0,-2,0,0,0,2,-3,3
1605,-1,-1,0,0,1,-2,3,-6
1606,-1,1,-2,2,2,0,-2,0
1607,0,-1,1,1,1,0,-1,5
1608,-1,-2,1,3,0,2,1,4
1609,1,-1,0,2,4,-3,1,2
1610,0,-2,0,-1,2,-2,5,-8
1611,-1,0,1,1,1,1,2,3
1612,0,0,1,-1,-1,0,1,0
1613,0,-1,-3,1,-1,3,-1,-6
1614,-2,-2,0,0,3,0,4,-5
1615,0,0,0,0,-2,1,0,-1
1616,-1,-1,0,1,-2,-1,-1,-3
1617,-1,0,-1,1,0,1,0,-2
1618,-1,-2,-2,1,0,3,0,-5
1619,-1,0,-1,1,-2,0,0,-5
1620,0,-1,-3,-1,2,0,2,-11
1621,-2,1,-3,1,0,1,0,-8
1622,1,1,2,-1,4,-2,4,5
1623,2,-3,1,1,-4,-1,-1,-1
1624,-1,-1,-1,2,-2,-1,-2,-4
1625,-3,-3,-1,3,0,5,0,-1
1626,0,0,0,3,1,1,-1,6
1627,0,0,-1,1,0,0,0,-2
1628,0,-1,1,1,0,3,0,6
1629,0,-6,-5,4,-2,1,-1,-17
1630,0,0,-2,0,-1,2,-2,-3
1631,-5,-2,2,2,0,3,1,3
1632,-3,-1,2,4,-2,2,1,5
1633,-1,1,-1,2,2,0,-2,3
1634,0,0,-2,1,1,2,-2,0
1635,-1,0,0,3,-2,2,1,1
1636,-2,1,-1,0,2,-1,-5,2
1637,-4,-2,-2,0,3,4,2,-7
1638,-1,0,-1,2,1,0,0,-1
1639,-2,0,1,3,0,-4,2,-2
1640,0,-1,1,1,0,2,0,5
1641,1,-1,0,2,1,1,1,3
1642,-1,0,0,0,0,1,-2,2
1643,-2,0,0,3,0,-1,1,-1
1644,2,-2,0,1,-3,-1,-2,-1
1645,0,-1,2,-1,0,-1,3,0
1646,0,-4,4,0,1,3,-1,13
1647,-1,1,0,2,2,1,1,4
1648,1,0,-5,2,0,5,-3,-4
1649,-3,0,1,-1,0,1,-3,3
1650,-2,-2,0,0,3,2,1,0
1651,0,0,1,2,-1,-2,2,0
1652,3,1,-3,2,-3,0,5,-11
1653,0,0,-3,1,-1,2,1,-8
1654,-2,0,1,2,-3,-2,0,-2
1655,1,-4,-3,2,-1,6,-3,-2
1656,1,-1,-1,2,-3,0,0,-4
1657,-1,-2,-2,1,3,3,0,-2
1658,0,1,0,2,-1,0,-1,3
1659,-2,-1,2,1,1,1,2,4
1660,-2,2,-3,2,-1,-1,-1,-8
1661,-1,3,1,-3,1,-2,2,-1
1662,2,-1,-3,2,-3,-1,0,-10
1663,-1,-2,-1,2,2,2,2,-2
1664,-2,2,0,1,1,-2,0,0
1665,0,0,-1,2,1,0,2,-2
1666,-2,0,0,2,2,1,3,0
1667,-2,-2,-1,-1,-1,3,-2,-4
1668,1,-1,-3,0,0,1,2,-10
1669,1,-3,-1,0,3,-1,2,-5
1670,-1,-1,0,1,0,-1,3,-5
1671,-2,-1,1,2,0,1,-1,4
1672,-2,-4,-1,1,-2,1,-5,-4
1673,-2,-1,2,0,2,0,-3,8
1674,-1,0,-2,2,-4,0,0,-9
1675,2,-4,-1,0,4,-1,1,-3
1676,0,-1,0,2,-1,0,0,0
1677,-4,-2,-1,1,1,2,3,-8
1678,-1,0,-1,2,1,1,0,0
1679,1,-2,-3,0,2,1,4,-11
1680,-1,-1,-1,1,3,2,0,1
1681,0,-2,1,1,-1,2,1,2
1682,-3,-1,3,4,5,-3,-2,13
1683,-3,-2,-1,1,2,4,0,-1
1684,2,-2,-2,0,3,0,2,-5
1685,1,-2,-1,2,-1,-2,-1,-4
1686,-1,0,-1,2,-1,1,0,-2
1687,-1,-3,1,2,1,2,-1,5
1688,1,-3,-2,2,-1,0,-1,-6
1689,-2,1,-1,1,2,0,-5,4
1690,-3,1,-2,1,3,0,-2,-2
1691,-3,-1,3,1,3,-1,-2,10
1692,-1,2,-3,1,-1,0,2,-10
1693,3,-1,-2,1,-1,1,1,-4
1694,-3,0,2,-2,3,0,-2,6
1695,1,-2,0,5,-2,-2,0,0
1696,-3,-1,-2,1,1,6,-2,0
1697,0,-1,-1,5,-3,-2,1,-5
1698,-1,-2,0,1,0,0,1,-3
1699,-2,1,0,1,2,0,-2,4
1700,-3,-1,1,0,1,1,1,0
1701,0,-1,0,3,2,1,0,5
1702,-6,-2,-2,-2,1,6,-4,-5
1703,-1,-3,3,2,3,-1,-2,11
1704,-2,-1,-2,0,1,2,0,-6
1705,0,-3,-1,1,1,-1,0,-5
1706,-2,1,0,1,0,0,1,-1
1707,1,1,-3,3,-2,-1,-2,-5
1708,-3,1,2,-1,0,1,1,3
1709,-2,-1,0,1,1,0,-2,1
1710,-1,-3,2,2,2,1,2,5
1711,3,-2,-4,2,-1,1,-3,-6
1712,-2,2,-6,0,-1,5,3,-17
1713,3,-2,-3,0,0,2,1,-7
1714,-2,0,-5,1,1,3,-2,-10
1715,1,2,-3,0,-1,2,3,-8
1716,1,-3,-3,2,-2,1,-3,-7
1717,0,0,-1,0,3,0,0,0
1718,-2,-1,0,3,-1,1,0,0
1719,-3,-3,-1,2,2,4,2,-3
1720,2,-2,-1,1,0,0,1,-3
1721,-2,-3,2,1,-3,1,-1,1
1722,-3,-1,0,1,2,1,3,-3
1723,0,1,0,1,4,-3,3,0
1724,0,-1,-1,-2,2,0,2,-6
1725,1,-2,-2,0,3,1,0,-3
1726,4,-3,-1,0,3,0,2,-1
1727,1,-1,1,1,1,1,-3,9
1728,1,-1,-1,2,0,0,3,-4
1729,-1,1,-1,3,-2,-2,0,-4
1730,1,-3,1,2,-2,-1,-2,2
1731,1,0,-2,2,2,2,-3,4
1732,4,1,-2,0,3,1,2,1
1733,1,1,-1,2,-1,1,4,-3
1734,1,-1,0,3,-2,-2,1,-2
1735,-1,-2,1,1,-3,0,-2,0
1736,1,-3,-1,0,0,0,3,-8
1737,2,-1,-3,2,2,0,2,-6
1738,1,1,-2,0,0,3,2,-3
1739,1,-5,-3,0,1,1,-1,-10
1740,0,-3,0,2,0,-2,0,-3
1741,0,0,-1,0,-1,2,1,-3
1742,1,-2,-1,0,0,0,2,-6
1743,1,1,-2,2,2,1,-1,2
1744,-2,-1,0,2,1,2,2,0
1745,0,1,0,-2,-1,0,2,-4
1746,-3,0,-2,2,1,3,0,-3
1747,0,1,-2,4,0,1,3,-3
1748,-1,-1,-2,0,0,-1,0,-9
1749,-2,-3,6,2,2,0,0,17
1750,-1,0,1,2,1,1,1,5
1751,-3,1,-1,-2,1,4,0,-2
1752,-2,-3,4,0,2,1,-1,11
1753,0,-3,1,2,0,-1,-3,4
1754,1,-4,0,-1,5,-2,2,-3
1755,-1,-1,2,2,3,0,-1,10
1756,-2,-1,-1,2,0,2,2,-4
1757,-1,0,2,1,1,-4,3,0
1758,0,0,-2,2,-1,-1,-1,-5
1759,1,0,-1,1,3,-2,0,0
1760,-1,-2,2,3,-2,-2,3,-1
1761,-2,-3,-1,-1,1,1,5,-12
1762,1,-2,-1,3,0,2,0,1
1763,2,-2,0,0,4,-1,3,0
1764,0,1,-1,4,-3,-3,2,-6
1765,1,1,-2,2,-2,0,1,-5
1766,-3,0,-1,-1,3,3,-1,0
1767,1,-3,3,2,0,2,3,8
1768,-3,-1,-3,0,-1,2,-3,-9
1769,-1,0,0,2,0,0,0,1
1770,-3,1,0,0,1,2,2,-1
1771,-1,-2,1,1,1,1,-2,5
1772,-2,-6,1,1,-3,1,-5,-1
1773,3,-1,-1,2,2,-1,1,1
1774,-2,0,4,-1,1,0,-1,11
1775,-3,1,1,0,0,1,0,2
1776,-1,-3,-1,1,-2,0,-3,-5
1777,1,0,-1,1,0,-2,1,-4
1778,-3,-2,-1,2,0,3,3,-6
1779,-1,-3,3,2,3,1,-2,13
1780,-1,-2,-1,0,1,3,-2,0
1781,3,-2,1,0,1,-1,4,0
1782,4,1,-2,0,2,1,3,-1
1783,-3,-1,-4,0,0,3,-4,-9
1784,-2,0,1,1,2,-1,-4,7
1785,1,-2,0,2,1,2,0,4
1786,-2,0,-2,0,0,2,-1,-5
1787,-2,-1,1,2,0,1,1,2
1788,2,-2,-3,3,-2,0,0,-8
1789,-2,0,1,3,3,-1,-1,7
1790,0,-1,1,-1,-2,3,-1,3
1791,-1,-1,0,0,4,-3,0,-1
1792,-1,-1,-2,1,2,2,-1,-2
1793,-2,-1,0,2,0,-3,1,-5
1794,-1,-2,-4,0,-3,4,-3,-11
1795,0,1,-2,1,1,1,-1,-1
1796,-1,-1,0,1,4,-1,5,-3
1797,-1,-5,1,2,-3,0,-3,-1
1798,-1,0,-2,3,3,0,-3,2
1799,-2,2,0,1,2,-1,3,-1
1800,-1,-2,-2,1,1,2,-1,-4
1801,-5,-2,2,1,2,4,1,5
1802,-5,-3,1,1,3,4,3,0
1803,0,-3,0,2,-1,1,-1,0
1804,-3,0,2,1,3,-1,-1,7
1805,-3,-1,0,2,3,0,0,1
1806,1,0,-1,2,-2,-1,1,-4
1807,1,-2,2,2,1,1,-1,10
1808,-3,1,1,0,2,-1,-4,6
1809,0,-1,-2,1,1,-1,1,-7
1810,-2,-2,3,-1,0,1,-3,8
1811,0,0,-1,1,2,1,0,1
1812,-1,-1,-1,3,2,0,-2,2
1813,-2,0,2,-3,0,1,-5,7
1814,-2,1,-2,1,0,2,2,-6
1815,-2,0,-1,1,3,-3,1,-5
1816,-1,-2,1,1,-2,2,0,1
1817,0,2,1,3,0,-1,2,5
1818,-5,1,1,1,4,-2,-1,3
1819,0,0,-1,2,-2,-2,-1,-4
1820,-2,2,1,2,2,-1,-2,8
1821,1,-1,0,0,-2,3,0,1
1822,1,-4,1,0,0,4,-1,5
1823,-1,-4,1,0,4,-3,1,-2
1824,0,-2,1,2,-2,-2,-2,1
1825,-2,-2,-1,0,1,1,2,-7
1826,-1,-4,2,1,0,3,1,4
1827,2,1,-2,3,2,-2,4,-4
1828,-1,-1,0,2,1,-2,4,-5
1829,-4,2,-1,0,0,-3,0,-8
1830,2,-1,-4,-1,3,1,0,-8
1831,-1,1,-2,1,-1,1,0,-5
1832,-3,-4,-1,1,-2,3,-4,-4
1833,-3,-2,0,1,2,1,5,-6
1834,-2,0,-1,1,2,1,-1,0
1835,-3,0,1,3,-4,2,-1,2
1836,0,-1,-1,3,2,-3,3,-5
1837,-2,-2,-3,3,0,-2,-2,-10
1838,-4,-1,4,0,2,-1,-3,11
1839,0,-2,1,2,0,2,1,4
1840,-2,-3,-2,0,2,4,-1,-4
1841,1,-2,0,1,3,-2,1,0
1842,-2,0,0,2,2,0,-2,4
1843,-2,-1,2,1,2,-1,-5,10
1844,1,-1,-1,0,3,-1,2,-3
1845,-3,-1,0,3,0,-4,1,-6
1846,-1,1,2,2,3,-2,-3,12
1847,2,1,-2,0,1,1,0,-1
1848,-5,-2,1,1,4,3,3,1
1849,0,-1,-1,-1,0,3,-2,0
1850,-1,-2,-2,0,4,4,0,-1
1851,-1,0,-1,0,0,-1,0,-5
1852,-1,-3,-3,1,1,4,1,-8
1853,-1,2,3,-1,-3,-3,3,0
1854,-3,-1,3,1,2,-1,-2,9
1855,-2,2,0,2,-1,-3,1,-3
1856,-2,-1,-1,2,0,2,0,-2
1857,-2,-1,2,2,2,0,-1,8
1858,0,-3,0,1,1,-1,3,-5
1859,3,-2,0,2,2,-1,4,0
1860,1,-1,-2,1,2,2,-1,0
1861,0,-1,2,-2,-3,2,0,2
1862,0,-1,-4,3,-1,3,1,-9
1863,-1,2,-1,2,1,0,-2,3
1864,0,-5,2,1,1,3,1,5
1865,0,-2,0,0,-2,0,-2,-2
1866,-2,0,1,3,-4,4,-5,9
1867,-1,-2,-1,2,1,2,3,-4
1868,-2,-1,3,0,-1,2,3,4
1869,0,-1,-3,1,1,2,1,-7
1870,2,1,-2,3,2,0,5,-3
1871,-3,0,3,0,2,-2,-4,10
1872,1,-2,-3,1,2,2,-1,-4
1873,-2,-2,-1,2,-1,4,-4,2
1874,-5,-3,0,1,0,5,0,-2
1875,-1,-1,3,0,-1,2,1,7
1876,-1,0,-3,2,1,2,0,-5
1877,1,-1,-1,0,1,0,2,-4
1878,-2,-2,-3,-1,4,3,1,-8
1879,-3,1,-3,0,-1,2,0,-10
1880,-3,-1,0,3,2,2,1,2
1881,0,-1,1,1,1,-3,1,0
1882,0,0,-2,3,4,-1,-3,3
1883,-4,2,0,-1,1,0,-1,-1
1884,-3,-1,-2,2,-1,4,0,-5
1885,-2,1,1,-2,-1,1,-3,3
1886,-2,-1,1,3,-4,0,0,-1
1887,-1,-2,0,-3,2,-1,1,-6
1888,-1,0,0,1,0,-1,0,-1
1889,-1,0,-2,1,2,1,-1,-2
1890,1,-1,-3,3,-1,-1,-1,-7
1891,1,0,-2,3,-2,-1,0,-5
1892,-1,-4,4,0,1,2,-1,11
1893,1,-1,-1,-2,3,0,1,-3
1894,-1,-2,1,-1,1,2,-2,4
1895,0,-1,0,2,-1,-1,-2,1
1896,-3,0,0,0,3,1,1,0
1897,-1,-1,-3,-1,3,4,-2,-3
1898,-1,0,-1,2,-3,1,2,-6
1899,4,-4,-3,0,4,1,-2,-2
1900,1,-3,-3,3,0,0,0,-8
1901,2,-5,1,1,4,-2,3,0
1902,-3,-2,-1,2,-1,3,1,-5
1903,-3,-2,3,1,2,0,-1,8
1904,3,-2,-5,-1,2,1,-1,-11
1905,-1,-2,-1,3,-3,2,0,-4
1906,1,-3,0,3,2,3,-1,7
1907,0,0,-1,0,-1,0,-1,-3
1908,1,-1,0,2,-1,1,1,1
1909,1,0,-5,3,-1,1,0,-11
1910,3,1,-3,1,-2,2,1,-5
1911,-1,0,0,2,1,0,-3,5
1912,-1,-2,0,2,0,1,-1,1
1913,2,1,-1,0,3,-2,0,1
1914,2,-4,-1,3,5,-2,1,0
1915,-1,1,-4,1,-1,0,-1,-11
1916,0,0,1,0,-1,2,1,3
1917,-1,-2,1,-1,2,-2,1,-2
1918,-1,-1,1,0,3,-3,4,-3
1919,-1,-5,6,1,2,2,1,16
1920,-1,-2,-2,1,-1,0,0,-9
1921,-3,-3,3,2,3,0,1,7
1922,1,0,-2,1,-1,-1,-2,-4
1923,-2,0,3,1,0,0,1,7
1924,1,0,0,0,3,-2,2,0
1925,0,-1,1,0,2,-2,0,2
1926,1,-3,0,3,1,-2,0,0
1927,-3,-1,0,-2,1,-2,-1,-6
1928,-3,-2,1,0,2,2,-3,5
1929,-1,0,1,1,-2,-1,1,-1
1930,1,-3,1,1,2,-2,3,-1
1931,2,-2,-3,3,-5,5,-7,1
1932,-1,-2,1,-2,5,-2,2,-1
1933,-1,-2,3,-1,0,1,0,6
1934,2,-3,-3,0,3,3,2,-6
1935,-1,-1,3,-2,0,2,-2,9
1936,-2,0,-1,0,-2,2,1,-6
1937,0,2,0,-1,1,-2,0,0
1938,1,-2,-3,0,2,2,3,-9
1939,-1,-1,-1,1,1,0,1,-4
1940,1,1,-4,2,-2,1,-1,-8
1941,3,-4,3,4,-4,-4,-1,5
1942,1,-1,0,1,0,-1,2,-2
1943,1,-1,0,1,-1,0,-2,2
1944,-1,0,0,2,0,1,0,2
1945,1,-3,-1,3,-2,-1,-3,-2
1946,2,0,-2,2,-1,0,1,-4
1947,4,-3,-3,2,2,1,1,-4
1948,2,2,-2,1,-1,0,0,-2
1949,-1,-1,0,1,1,0,2,-2
1950,-1,0,-3,-2,0,5,0,-7
1951,-2,-2,-1,1,-1,2,3,-8
1952,0,1,0,1,-3,-1,0,-2
1953,0,-2,-2,2,1,2,1,-4
1954,0,0,-4,1,1,4,1,-7
1955,-4,-3,1,1,4,3,4,0
1956,-3,0,1,2,-1,0,3,-2
1957,1,-4,3,2,2,1,-1,12
1958,-3,-1,1,0,3,0,3,-1
1959,-3,0,0,2,-1,3,0,1
1960,-1,-2,2,2,-1,2,0,6
1961,-3,1,1,2,2,-1,-2,6
1962,-1,0,-1,2,2,1,-2,3
1963,-1,-1,2,2,1,1,0,8
1964,0,-2,1,1,-1,3,0,4
1965,-1,-2,0,1,2,0,2,-2
1966,-4,1,2,1,1,-1,-2,6
1967,1,-4,-3,0,2,0,-2,-8
1968,-3,-1,-1,1,0,1,-1,-4
1969,-3,-2,4,1,1,0,-1,10
1970,0,1,-3,0,-2,4,0,-6
1971,-2,0,-1,-1,1,2,-1,-2
1972,-1,-2,2,1,1,1,2,4
1973,1,-1,-3,1,-2,5,-7,2
1974,-1,-1,0,1,1,1,0,1
1975,-4,-1,3,2,-1,0,1,4
1976,-2,0,-1,1,-1,2,1,-4
1977,-3,0,0,3,-3,2,-4,3
1978,-1,-1,1,2,3,1,-2,9
1979,-4,1,1,-2,1,0,-2,1
1980,0,-2,1,3,3,0,0,7
1981,-2,-5,5,-1,2,2,1,10
1982,-2,-3,1,0,0,-1,5,-8
1983,0,-4,1,3,2,1,-3,8
1984,-2,0,-4,0,-1,5,0,-10
1985,-2,-2,3,1,0,1,1,6
1986,1,-2,2,0,1,1,-1,8
1987,-4,-1,3,2,3,-2,0,7
1988,1,0,-1,1,0,-1,-1,-1
1989,1,-3,-1,1,0,-1,0,-5
1990,-1,-1,-1,3,2,0,0,0
1991,-3,0,1,-2,2,1,-3,4
1992,-3,0,1,0,0,1,2,-1
1993,1,1,0,1,3,-3,2,1
1994,-3,2,0,2,4,-2,-2,5
1995,-1,0,0,-3,1,0,1,-4
1996,-1,-4,5,1,2,1,1,13
1997,-3,1,0,-1,1,0,-1,-1
1998,-1,0,0,2,1,0,1,1
1999,2,-1,-4,0,4,1,0,-6
2000,-1,-1,-1,0,-1,0,-3,-3
2001,-7,-1,4,-1,3,-2,-2,6
2002,5,-4,-4,2,2,3,5,-9
2003,0,3,0,1,1,-3,3,-1
2004,0,-1,1,1,2,-3,2,0
2005,0,1,-2,1,1,2,-3,2
2006,-4,1,0,2,5,-2,-2,4
2007,-2,0,0,1,1,-1,2,-3
2008,-2,-1,-4,1,-3,2,-2,-13
2009,0,-1,1,1,2,-1,0,4
2010,-1,-2,1,2,1,1,1,3
2011,1,-3,-3,3,2,-1,2,-9
2012,0,-4,2,1,-1,0,-3,5
2013,2,0,-5,1,2,2,-1,-7
2014,-1,-4,0,-2,5,-2,2,-6
2015,0,-3,0,1,-3,0,-3,-2
2016,-2,0,-2,2,1,1,-2,-2
2017,-1,-2,3,4,-5,-6,-1,0
2018,-2,-1,-2,0,2,3,-1,-3
2019,0,-1,-3,1,2,2,0,-5
2020,1,-2,0,3,1,3,0,6
2021,2,-2,1,1,-1,3,1,5
2022,4,-3,2,2,-2,-2,-1,6
2023,2,-4,-1,4,1,-1,2,-3
2024,0,-1,-2,3,-3,3,-1,-3
2025,-4,0,0,0,-3,-2,-2,-7
2026,-2,-3,0,0,2,2,1,-2
2027,3,-1,-3,0,2,1,0,-4
2028,-2,-2,0,0,6,1,4,-1
2029,-2,1,1,0,-1,0,0,1
2030,-5,2,1,-1,2,-1,-2,2
2031,3,1,-2,5,1,-1,5,-2
2032,1,-1,0,-2,2,-1,1,-2
2033,0,-2,-4,2,-1,1,-3,-9
2034,-1,0,0,1,1,1,-2,4
2035,-6,1,0,1,4,-2,-1,-1
2036,-1,-2,1,1,-4,-1,-1,-3
2037,2,-1,-4,2,-1,1,0,-9
2038,4,-2,-4,0,6,0,2,-6
2039,2,-2,-1,3,-1,-1,-2,0
2040,-1,-2,-1,1,2,-2,0,-5
2041,-4,-3,-1,-2,-1,6,-4,-3
2042,-3,0,1,-2,0,2,-2,2
2043,-1,-2,-1,0,1,1,2,-6
2044,-4,1,-2,0,2,2,-2,-3
2045,-1,4,0,3,-1,-3,3,-1
2046,-2,-1,-1,1,1,1,4,-7
2047,-2,-2,1,0,-1,1,-3,2
2048,-2,-4,5,1,3,0,0,13
2049,-1,1,-3,1,-1,3,2,-8
2050,-1,0,1,1,1,-1,-1,4
2051,-2,-3,-1,-1,-1,3,-4,-3
2052,0,-1,-2,2,-1,1,0,-5
2053,0,-2,2,1,2,1,0,8
2054,-2,-3,3,0,3,1,-3,11
2055,-1,3,-5,-1,-1,3,-3,-9
2056,-1,1,-1,1,0,1,2,-3
2057,-3,2,-1,2,2,-1,-2,1
2058,0,-3,3,1,0,2,0,9
2059,1,1,-3,1,0,-1,0,-7
2060,2,0,-1,-1,4,-3,2,-3
2061,-1,1,3,0,1,0,3,7
2062,-2,2,-2,1,-1,0,2,-8
2063,-1,1,-1,1,0,1,-1,0
2064,0,-3,4,1,1,1,-1,13
2065,0,-2,-4,1,-3,2,-2,-12
2066,1,1,-1,3,0,1,1,2
2067,2,-4,-2,1,1,0,-2,-4
2068,-1,0,1,1,0,-1,0,2
2069,-1,-2,2,1,0,2,0,6
2070,-1,-1,0,0,-1,-2,0,-5
2071,-2,-2,3,1,1,1,0,8
2072,0,-1,-5,-2,4,2,0,-12
2073,0,-2,-1,0,0,1,0,-4
2074,1,-1,0,1,-3,-2,-1,-3
2075,-2,-3,-1,1,-2,3,-3,-3
2076,-2,-1,1,1,0,0,1,0
2077,-2,-2,3,2,1,0,0,8
2078,0,0,0,0,2,0,-5,7
2079,1,-3,0,2,-5,0,-1,-4
2080,-3,0,3,2,1,0,0,9
2081,2,-1,-3,2,-2,1,-1,-6
2082,1,-2,-2,2,-1,1,-1,-4
2083,-1,-1,-2,3,0,-2,0,-7
2084,-5,0,1,-1,1,1,-2,1
2085,-2,-1,2,0,0,2,2,3
2086,-3,-1,-1,-2,-1,1,-3,-6
2087,2,-2,0,-2,1,1,1,-1
2088,-3,0,-3,-1,-1,4,-1,-9
2089,-2,-1,-3,1,-2,2,-2,-9
2090,-2,1,-2,1,-2,2,1,-7
2091,0,-4,-1,2,-2,0,-4,-3
2092,-3,-3,4,0,2,0,-3,11
2093,2,3,-2,1,1,0,3,-2
2094,-1,2,-3,1,0,2,2,-7
2095,-2,-2,0,2,-2,0,-1,-3
2096,-2,-1,2,-2,-1,3,-1,4
2097,-2,1,1,-1,1,0,-4,6
2098,3,-1,-6,0,-1,3,-4,-10
2099,-2,0,1,2,2,1,-1,7
2100,-1,0,-4,2,-1,3,1,-10
2101,-1,1,-1,1,3,-1,-4,4
2102,0,-1,-5,1,-3,3,-1,-14
2103,1,-3,-2,0,2,3,-3,0
2104,-1,-1,0,0,1,-2,1,-4
2105,-2,-1,-1,1,-2,0,-2,-5
2106,0,4,0,3,-1,-4,0,2
2107,-4,0,0,-1,1,5,1,0
2108,-1,-2,2,2,1,1,-1,8
2109,0,-2,1,0,2,1,-3,7
2110,-1,-1,-1,4,0,-1,-1,-1
2111,-1,-2,-3,3,-3,3,1,-10
2112,0,-1,1,0,-1,2,-1,4
2113,-1,-1,-1,3,2,-3,1,-4
2114,0,-3,0,0,-2,0,-3,-2
2115,-2,-2,-2,0,5,2,4,-7
2116,1,0,-2,2,-3,0,-2,-4
2117,1,-5,3,1,1,3,-1,11
2118,-1,-1,-2,-1,6,0,2,-5
2119,-3,-2,4,1,1,0,0,9
2120,5,-5,-1,1,5,0,3,0
2121,-1,-3,4,3,3,0,0,14
2122,-4,1,1,0,1,-1,-1,1
2123,-3,0,2,-2,-1,2,1,1
2124,0,-1,-2,2,0,0,-1,-4
2125,-2,-1,0,0,-1,1,-2,-1
2126,-2,-1,3,2,1,-3,6,0
2127,-1,0,-3,1,1,2,-1,-5
2128,-1,0,-3,2,-1,2,0,-7
2129,-2,0,2,-2,0,1,-2,5
2130,0,-1,-1,3,0,2,1,0
2131,3,0,0,1,1,-1,2,2
2132,1,-1,0,2,-2,0,1,-1
2133,0,-3,0,1,0,0,-3,1
2134,-1,1,-4,1,-2,2,0,-11
2135,1,-2,-1,2,1,3,1,1
2136,-1,0,1,1,2,0,-2,7
2137,-1,-2,-2,2,1,1,-3,-2
2138,0,0,-2,1,0,-1,-2,-4
2139,-1,1,-1,2,-1,1,2,-3
2140,-2,-3,-1,1,-1,1,-3,-4
2141,2,-2,-2,0,-1,4,-1,-2
2142,4,-1,0,3,2,-1,4,3
2143,3,0,0,1,-2,-1,2,-1
2144,0,-1,-4,0,3,3,0,-7
2145,2,-5,1,4,-2,-2,-4,4
2146,-2,1,0,0,-2,2,0,-1
2147,1,-1,-4,2,0,1,-1,-8
2148,0,1,-1,1,1,-2,3,-5
2149,1,0,-2,2,0,-1,3,-7
2150,0,1,-2,3,0,1,2,-3
2151,0,3,-1,4,1,-4,0,1
2152,1,-2,2,1,-2,1,0,5
2153,-1,1,-1,-1,0,-1,2,-7
2154,0,0,-2,1,-1,1,0,-5
2155,1,-2,0,2,4,-3,3,-1
2156,-2,-3,3,2,1,0,-2,9
2157,1,-2,-1,1,1,3,-1,2
2158,2,-1,-1,3,-1,0,0,0
2159,1,-1,0,1,-2,0,-1,0
2160,0,-1,-1,3,-3,-1,-1,-4
2161,-2,0,1,1,1,0,0,3
2162,-3,-2,-3,1,0,5,-2,-6
2163,1,-1,0,1,2,-3,-1,1
2164,-1,1,1,1,1,-1,1,3
2165,0,-2,-1,1,-2,1,-2,-3
2166,0,0,0,3,2,0,0,5
2167,2,0,-3,1,1,1,-3,-1
2168,2,-4,-3,1,1,1,0,-8
2169,-1,0,1,1,0,0,0,3
2170,2,-1,-1,2,1,0,1,0
2171,0,1,-1,1,1,0,-3,3
2172,4,-1,1,-3,5,0,6,2
2173,2,-2,-3,2,0,0,1,-8
2174,-4,-2,0,1,1,2,6,-8
2175,4,-3,-3,4,1,4,0,1
2176,-1,-2,0,3,2,2,-1,5
2177,-1,-1,0,1,1,0,-1,1
2178,-1,-4,2,2,0,-1,-4,6
2179,-3,-1,3,0,0,0,-1,6
2180,2,0,-1,2,1,0,2,0
2181,0,-2,-2,-1,2,2,3,-8
2182,2,0,1,0,0,-1,3,1
2183,-1,-2,1,1,-1,1,-1,2
2184,0,-5,1,3,2,2,0,5
2185,-4,0,-2,-1,-1,4,-2,-6
2186,-3,-2,0,2,1,1,4,-5
2187,1,1,1,-2,0,0,4,-1
2188,0,2,-1,2,-2,-1,2,-4
2189,-1,-3,4,-1,2,1,-2,12
2190,-1,-1,-1,2,2,-3,0,-4
2191,3,-1,-1,1,3,-1,2,0
2192,-1,-1,-4,1,2,4,0,-7
2193,-2,1,0,1,2,0,1,1
2194,1,0,-1,4,1,0,0,3
2195,-1,-1,-1,2,0,4,-3,4
2196,-4,3,-2,-1,2,-1,-7,0
2197,1,-1,0,1,2,0,-2,5
2198,-5,0,-4,-2,0,7,-1,-11
2199,-3,0,-3,1,-1,2,-2,-8
2200,2,2,1,2,2,-3,5,3
2201,-1,0,0,1,3,1,1,3
2202,1,-1,0,0,-1,-1,1,-3
2203,4,-2,-5,1,1,2,-1,-8
2204,-3,-2,-2,1,0,5,0,-5
2205,-1,-1,0,2,0,1,0,1
2206,1,-4,1,1,-2,1,-3,3
2207,1,0,-1,2,0,-1,0,-1
2208,2,0,0,0,4,-1,3,2
2209,-1,0,-1,0,1,1,-3,1
2210,-5,3,-3,0,-1,1,-1,-10
2211,0,-3,-1,1,-1,3,-1,-2
2212,-2,1,-1,0,0,2,1,-3
2213,0,-2,0,2,-4,0,0,-4
2214,-1,-3,-2,2,-1,2,2,-9
2215,-1,-1,0,1,-1,0,-1,-1
2216,-2,0,-3,1,0,3,-1,-6
2217,-2,0,-3,1,0,4,0,-6
2218,1,-2,-2,2,-1,1,-1,-4
2219,3,-1,-6,0,3,3,-3,-7
2220,-2,0,0,1,-2,-3,0,-6
2221,1,0,0,2,-1,-1,3,-2
2222,1,0,-2,2,-1,0,0,-4
2223,-2,1,0,-1,-3,1,1,-5
2224,-3,1,0,1,1,0,0,0
2225,0,2,0,1,0,-3,0,0
2226,-1,0,0,1,0,2,-1,3
2227,0,-1,2,1,0,1,-1,8
2228,1,-1,-1,1,0,0,1,-3
2229,0,-2,1,2,3,0,-3,9
2230,-1,-1,-2,1,-3,1,-1,-8
2231,-2,-1,2,2,-3,-2,3,-3
2232,0,-2,-4,4,-6,0,-2,-14
2233,-4,-2,2,1,1,1,2,1
2234,0,-1,0,1,3,-2,3,-2
2235,-3,0,2,-2,0,1,-2,4
2236,1,-2,0,2,0,-1,0,0
2237,-2,0,-5,1,1,4,-1,-10
2238,-2,-1,-1,1,1,3,1,-2
2239,-2,-1,-2,-1,-2,3,-2,-7
2240,-3,-2,2,1,3,1,-1,7
2241,-2,-4,2,3,2,2,0,7
2242,-1,0,-1,2,1,1,-1,1
2243,-2,-1,0,0,0,0,-1,-2
2244,-2,-1,-1,1,3,2,0,0
2245,-2,-2,2,4,-3,2,3,2
2246,-3,1,-1,2,0,3,-3,3
2247,-4,1,1,3,4,-2,-3,8
2248,-2,-2,-2,0,2,4,-3,-1
2249,-1,-2,-4,1,-1,3,-2,-10
2250,-2,-1,0,0,0,2,-1,0
2251,1,-2,-1,0,3,-1,2,-4
2252,-1,-2,0,1,4,-3,0,-1
2253,-4,-1,0,1,4,3,3,0
2254,2,-4,-1,0,4,0,4,-5
2255,-2,-2,-2,1,1,2,2,-8
2256,0,2,-1,2,0,-1,-1,1
2257,0,-3,-1,2,-1,1,2,-6
2258,0,-1,0,1,1,1,-1,3
2259,-1,-1,-4,0,0,3,-2,-9
2260,0,2,-3,2,-2,-1,2,-10
2261,1,-1,-2,3,1,-1,0,-3
2262,4,-2,2,4,-4,-3,2,3
2263,-2,0,1,3,-1,1,0,4
2264,-3,0,0,-1,2,1,-1,0
2265,-1,-2,1,2,-4,-3,-3,-2
2266,-2,-1,1,0,0,2,-1,3
2267,4,-2,-2,-1,3,1,3,-4
2268,-1,0,0,0,1,2,0,2
2269,2,-1,-1,1,3,-1,2,-1
2270,-4,0,3,3,-2,-2,4,0
2271,-1,-1,-2,1,2,2,1,-4
2272,-2,0,-2,0,0,0,-3,-5
2273,-1,0,-1,2,1,-2,2,-5
2274,0,-2,-2,3,-3,0,-1,-7
2275,1,0,-1,0,-1,0,2,-5
2276,-2,-3,0,2,2,3,3,-1
2277,2,-1,0,2,1,2,1,5
2278,-1,-2,0,2,0,0,4,-5
2279,1,0,-2,0,2,0,0,-3
2280,2,-2,-1,0,0,0,2,-5
2281,-5,-3,1,1,3,3,6,-4
2282,-2,0,2,-2,0,2,-3,7
2283,1,0,1,2,0,-3,0,3
2284,-1,0,2,1,0,0,3,3
2285,-2,0,-1,-1,3,3,-2,2
2286,-6,-1,0,-2,1,4,-2,-2
2287,-1,2,0,0,0,1,-3,5
2288,2,-1,-3,2,-6,0,1,-13
2289,3,1,-4,-1,4,-2,1,-8
2290,-1,-1,0,1,-3,2,1,-3
2291,-1,-2,-3,-1,4,3,3,-9
2292,-1,-1,-1,1,1,2,-1,0
2293,-2,-1,-1,1,-1,1,1,-6
2294,1,1,-1,1,-2,0,2,-4
2295,1,-3,-2,1,-1,1,-3,-4
2296,2,-1,-3,2,-2,1,-2,-5
2297,1,1,-2,1,0,-1,-1,-3
2298,0,0,0,2,1,0,-1,4
2299,1,2,-1,2,1,-2,0,1
2300,1,-2,0,1,0,2,-3,5
2301,3,-3,-4,2,-1,1,-3,-7
2302,1,-1,-4,2,-2,3,-2,-7
2303,-3,-3,5,-1,0,1,-2,11
2304,0,-4,2,2,1,2,0,7
2305,-4,0,1,-2,-1,3,0,-1
2306,-3,-1,2,0,2,0,2,2
2307,0,1,-3,3,0,0,0,-5
2308,2,0,2,1,4,-3,4,6
2309,3,-3,-2,4,3,-1,1,-1
2310,-1,-1,1,2,0,1,0,4
2311,3,-1,-4,2,2,1,0,-5
2312,-1,-1,-2,-1,6,1,3,-5
2313,4,0,-2,-1,3,0,2,-2
2314,0,-3,4,1,1,1,-2,14
2315,-2,0,-4,0,-1,4,0,-11
2316,0,-3,-2,-1,2,0,0,-8
2317,-2,2,-2,0,0,2,2,-6
2318,3,0,-3,1,1,1,2,-5
2319,-2,4,-2,1,1,-1,-1,-2
2320,1,3,0,0,3,-3,2,2
2321,1,-1,-4,0,1,1,-1,-9
2322,3,-2,-2,0,4,0,1,-2
2323,-2,-2,-1,0,-1,4,-1,-3
2324,0,-2,-4,1,1,3,0,-9
2325,-1,-2,0,3,-3,3,0,0
2326,2,-2,-2,3,1,2,1,-1
2327,4,-6,0,-1,5,0,1,1
2328,-3,-2,3,1,2,1,1,7
2329,0,-4,0,2,1,-2,0,-3
2330,0,-1,-3,0,0,2,0,-8
2331,-7,-1,-1,-2,1,4,-4,-4
2332,1,-1,-1,1,0,2,0,0
2333,0,-3,2,3,3,0,0,9
2334,1,-1,-2,1,-1,0,-1,-5
2335,1,-4,1,3,0,4,1,6
2336,-1,-2,-1,1,-1,2,-3,-1
2337,-5,2,0,1,3,-1,-2,2
2338,2,-4,2,1,1,2,-1,9
2339,-3,0,2,1,1,-1,3,1
2340,0,-2,-2,2,0,3,1,-4
2341,4,0,-2,5,4,-2,3,2
2342,0,-1,1,2,-2,0,0,2
2343,1,-1,0,1,-1,2,0,2
2344,-1,-3,-4,1,0,5,-1,-9
2345,0,-3,-1,1,-3,1,-4,-3
2346,2,-1,-1,1,2,-1,2,-2
2347,-2,0,1,1,2,-4,2,-2
2348,0,-1,0,1,-1,1,-1,1
2349,-2,-3,4,1,2,1,-1,12
2350,-1,-2,3,1,4,0,-3,14
2351,1,1,-1,2,1,-1,2,-1
2352,-2,-1,1,0,4,-4,1,-1
2353,0,-3,0,1,0,-2,0,-4
2354,-1,-3,2,1,3,1,-1,8
2355,-1,-1,-1,1,0,0,1,-5
2356,3,-2,-3,4,-1,0,0,-5
2357,-3,-2,0,1,-1,1,-2,-2
2358,-3,0,1,0,3,1,3,1
2359,0,-3,-3,-1,2,3,0,-8
2360,0,0,-1,2,-1,1,-2,1
2361,2,-5,-2,-1,-1,3,2,-10
2362,1,-2,-2,1,-2,1,-2,-5
2363,-1,-2,1,0,2,0,2,0
2364,1,-2,-1,2,-1,-1,1,-5
2365,0,-2,-3,4,-4,1,-1,-9
2366,-1,-1,0,1,0,0,1,-2
2367,0,-4,2,2,-1,2,1,4
2368,1,3,-1,4,-2,-2,2,-1
2369,-3,-1,-3,1,-1,3,-3,-7
2370,-2,-1,-1,0,0,1,-2,-3
2371,3,0,-2,0,0,1,0,-2
2372,-3,-1,0,0,2,1,-1,0
2373,-3,-1,1,1,-1,-1,5,-7
2374,1,-2,1,-1,-1,-1,1,-2
2375,-3,0,-2,0,1,3,1,-6
2376,0,1,2,0,0,-3,3,1
2377,-1,3,-3,0,1,1,2,-7
2378,-3,-1,0,3,0,2,1,0
2379,1,-2,-1,2,3,-1,3,-3
2380,1,-3,1,3,1,2,1,6
2381,0,2,-3,3,-1,3,5,-7
2382,-2,-4,2,3,2,-5,2,-2
2383,0,-1,-1,2,1,-1,-2,0
2384,0,-1,-1,1,-2,0,-1,-4
2385,0,-2,2,1,-1,2,2,4
2386,-2,-2,-2,4,-1,-3,-3,-7
2387,1,-2,0,4,1,-3,1,0
2388,-3,-4,-1,-1,4,3,4,-8
2389,2,3,1,-1,1,-1,3,4
2390,3,-4,-2,1,4,0,1,-3
2391,-2,1,0,1,2,-1,-2,3
2392,-2,-3,0,2,-1,2,-3,1
2393,-3,-2,2,0,0,2,-1,4
2394,2,-1,-2,1,2,-1,0,-3
2395,-1,-1,0,1,1,1,0,1
2396,2,-1,-3,1,1,0,1,-7
2397,1,-2,1,1,0,2,-1,6
2398,0,-1,0,1,3,0,2,1
2399,-2,-2,-1,0,-1,3,-1,-4
2400,-2,-1,-3,2,1,5,0,-4
2401,1,-1,0,3,0,2,1,4
2402,1,-1,-3,2,-4,1,1,-11
2403,1,-4,1,1,0,3,1,3
2404,-3,2,-1,0,1,1,1,-3
2405,-1,-2,2,3,3,-1,-1,9
2406,-1,-1,-2,2,0,3,1,-4
2407,-1,1,0,0,1,0,-2,3
2408,-1,-1,2,1,2,-2,3,2
2409,-1,-3,-4,0,2,5,0,-9
2410,0,-1,-3,-1,3,3,-3,-2
2411,-5,0,4,1,1,-2,3,4
2412,2,-1,-1,2,-1,0,2,-3
2413,2,-2,-1,4,2,-2,2,-1
2414,0,-2,-1,1,1,-1,0,-4
2415,-5,-1,1,0,1,2,-1,1
2416,4,-1,-3,0,1,2,4,-7
2417,0,-1,-2,1,-1,3,1,-5
2418,-2,-1,0,1,2,-1,6,-7
2419,-5,2,3,-2,-1,-1,-3,5
2420,1,0,-2,2,-2,0,0,-5
2421,-2,-2,2,2,0,0,-1,5
2422,0,0,0,1,1,1,-2,5
2423,-1,0,-2,1,-4,-1,-1,-10
2424,1,-1,-5,1,0,3,0,-11
2425,0,0,-1,2,-1,0,-1,-1
2426,0,-4,0,-1,4,-2,1,-4
2427,2,1,-2,1,1,-1,0,-2
2428,2,-4,0,1,-3,1,-3,0
2429,3,1,0,0,2,-1,6,-1
2430,-3,1,-1,-1,2,0,-4,0
2431,-2,-1,0,2,-2,2,-1,0
2432,0,-2,1,1,2,-2,4,-2
2433,-2,0,1,0,2,-1,-4,6
2434,-1,-2,2,1,2,0,-2,8
2435,1,-3,-1,0,2,-1,-1,-3
2436,-1,-1,-1,1,1,2,-2,1
2437,0,-3,-1,1,-2,2,-2,-3
2438,-1,-3,-2,1,2,2,4,-9
2439,0,1,-1,0,5,-2,3,-2
2440,1,-1,-1,2,0,-1,2,-4
2441,1,0,-4,2,-1,1,0,-9
2442,0,0,1,0,1,-4,2,-2
2443,4,-4,-2,3,3,0,3,-3
2444,1,-1,-1,-2,2,0,2,-5
2445,1,-1,-1,1,1,1,0,0
2446,-1,-4,-3,4,-1,-1,-3,-9
2447,-4,1,1,0,3,-1,-3,5
2448,-2,-2,-1,1,3,1,2,-4
2449,-2,-1,0,2,1,1,3,-2
2450,-1,-1,-2,2,-3,5,-3,-1
2451,-1,-3,4,2,1,2,1,12
2452,1,0,-1,1,0,1,-4,4
2453,0,-1,-1,2,0,1,-1,0
2454,0,0,-2,-2,0,1,0,-7
2455,-3,0,2,-1,0,1,-1,4
2456,1,1,-2,-1,-1,1,0,-5
2457,2,-3,1,2,-1,3,2,4
2458,-7,0,4,-3,1,0,-3,6
2459,1,0,0,-1,0,-1,-1,0
2460,-1,-3,-2,-1,1,5,-5,0
2461,-2,-1,0,2,1,1,2,-1
2462,-3,1,3,2,4,-1,3,9
2463,1,-3,-5,-1,2,2,1,-15
2464,-1,1,1,5,-3,1,-2,8
2465,4,-2,-4,1,0,2,1,-8
2466,-1,0,1,2,-1,-2,2,-1
2467,-1,1,-2,2,0,1,2,-5
2468,1,-3,-2,-4,3,1,0,-8
2469,-3,0,2,0,3,-1,-3,8
2470,2,0,2,0,3,-2,7,2
2471,0,-2,1,2,1,-2,3,-1
2472,-1,0,0,-1,0,0,-5,3
2473,-3,0,-1,1,-1,-2,0,-8
2474,1,-1,-2,2,-6,-1,0,-11
2475,-3,-1,-1,2,1,3,3,-4
2476,0,1,1,1,3,-1,1,6
2477,-3,-1,0,0,-1,2,0,-3
2478,2,-2,-3,3,3,-1,0,-4
2479,-3,1,-1,0,2,0,-2,-1
2480,3,0,-1,2,-1,-1,1,-1
2481,3,-3,-5,3,1,1,-2,-8
2482,-3,-3,0,-1,5,1,6,-7
2483,0,-2,0,3,3,0,-2,6
2484,-1,-1,0,0,1,2,0,1
2485,-1,-4,5,2,4,0,-2,18
2486,0,1,-1,-2,-3,3,-1,-3
2487,1,-2,0,3,1,1,-1,5
2488,2,-3,-3,2,1,0,-1,-6
2489,-1,-2,-1,2,1,2,-1,0
2490,0,-2,-1,3,0,-2,-2,-2
2491,2,-1,-1,2,0,2,-1,3
2492,2,-2,-1,3,1,2,1,2
2493,-2,2,0,-1,0,0,-3,2
2494,-2,-2,3,-1,1,1,-1,7
2495,0,-2,1,2,1,2,-1,7
2496,1,0,-2,0,0,1,0,-4
2497,0,-1,2,3,2,0,0,10
2498,0,-1,-1,1,-1,-1,-1,-4
2499,2,-3,-2,4,0,-1,0,-4
2500,-1,-2,-2,0,2,2,0,-5
2501,-1,0,1,2,2,-4,3,-1
2502,-1,-2,-5,1,0,7,-2,-8
2503,1,0,0,0,1,-5,4,-7
2504,2,1,-2,0,0,0,0,-3
2505,0,-1,2,2,2,0,-2,11
2506,0,-2,-2,1,0,-1,0,-8
2507,-6,0,4,-2,2,0,-2,8
2508,-3,-1,0,1,-2,1,-1,-3
2509,2,0,-3,1,0,0,0,-6
2510,1,0,0,-4,2,0,2,-3
2511,0,1,-1,2,-2,-1,0,-3
2512,-2,0,-1,2,2,0,-3,2
2513,-1,0,-1,0,-1,-1,0,-6
2514,5,1,1,-2,1,1,2,7
2515,2,-2,1,1,1,-1,3,1
2516,-2,-2,-1,2,0,1,3,-7
2517,0,0,1,0,1,1,-3,8
2518,-1,-2,2,0,1,1,-4,9
2519,1,1,-1,1,1,-2,1,-2
2520,1,-3,2,4,-2,-3,-1,4
2521,0,-3,2,1,0,2,1,5
2522,-1,-4,3,2,1,2,0,9
2523,0,2,1,-1,1,-2,3,0
2524,-1,0,0,1,2,0,-2,4
2525,-4,-2,4,0,2,0,0,8
2526,-1,-1,2,0,2,0,-4,10
2527,0,-1,-5,1,-2,3,-2,-12
2528,1,-1,-3,2,-1,1,-2,-5
2529,-2,-2,0,1,-2,0,-3,-2
2530,-4,-4,-1,-1,4,5,4,-7
2531,2,-1,-1,3,-1,0,1,-1
2532,5,-2,2,-2,5,-1,3,8
2533,-3,1,1,1,-1,-2,3,-4
2534,0,-4,0,1,4,-3,1,-3
2535,0,-2,-2,1,0,3,-1,-3
2536,0,-4,1,0,5,-3,2,-1
2537,-1,1,1,2,-1,-1,1,2
2538,-3,0,2,2,-1,-2,3,-1
2539,1,0,-2,1,-1,3,1,-3
2540,2,-4,-2,0,6,0,3,-5
2541,-4,-1,2,-1,0,-4,0,-4
2542,2,0,-2,1,2,-1,1,-3
2543,-3,1,-1,2,1,1,0,-1
2544,-1,-3,-3,-1,6,3,3,-8
2545,1,-1,1,-2,3,0,4,0
2546,-3,-2,-3,0,-1,4,-3,-8
2547,0,-2,0,2,1,2,-1,4
2548,3,-5,-2,2,2,0,0,-4
2549,1,3,-3,-2,1,0,0,-6
2550,-2,1,-2,2,-1,1,2,-7
2551,1,-3,2,1,0,2,1,6
2552,-2,-1,-1,-1,-1,0,-3,-5
2553,-3,-1,2,0,1,0,-2,5
2554,1,0,0,1,0,1,-1,4
2555,1,0,-1,1,4,-2,5,-4
2556,-1,2,2,-1,2,-3,3,2
2557,0,0,1,1,0,1,-2,7
2558,0,-2,-1,2,-2,-1,-2,-4
2559,3,-3,-1,2,2,0,4,-3
2560,-2,1,-1,0,0,1,0,-3
2561,-1,-3,-2,1,2,2,2,-7
2562,-1,1,-2,1,-3,0,0,-8
2563,2,-2,-1,3,3,-2,1,0
2564,-1,-2,-3,0,2,3,1,-8
2565,-3,-1,3,2,1,0,1,7
2566,-1,1,-2,0,1,3,0,-2
2567,-4,2,-2,-3,1,3,0,-7
2568,-3,0,1,3,-1,2,0,4
2569,-2,-1,1,-1,2,3,-1,5
2570,-2,-2,0,1,0,2,3,-4
2571,-1,1,-5,0,-2,3,-1,-13
2572,-1,-1,2,1,0,1,1,5
2573,-1,-2,-2,-1,4,0,5,-11
2574,2,-5,3,2,0,3,1,10
2575,2,-2,-3,-2,1,2,0,-8
2576,0,2,1,2,2,-4,2,3
2577,-2,1,0,1,2,1,-1,4
2578,0,-2,0,1,0,3,0,2
2579,-2,-2,-1,0,0,2,-2,-3
2580,1,-2,0,0,1,-1,1,-2
2581,1,0,-1,0,0,-1,-1,-2
2582,-3,-3,1,2,-3,1,-2,-1
2583,0,-1,0,2,1,0,-1,3
2584,0,0,-1,1,-1,-1,0,-4
2585,-2,-2,0,-1,-3,0,-4,-4
2586,1,-1,-1,1,3,-2,1,-2
2587,-4,2,1,-1,0,0,-4,4
2588,1,2,-3,2,-3,0,-2,-5
2589,2,1,-4,1,0,1,-3,-4
2590,1,-1,-3,2,0,1,0,-6
2591,1,0,-2,1,0,1,-3,0
2592,-1,1,-2,1,1,1,-1,-2
2593,0,0,0,1,1,1,-1,4
2594,-3,-1,0,0,0,2,-1,-1
2595,2,-1,1,-1,3,-2,1,3
2596,3,-5,2,3,-2,4,6,3
2597,-1,-1,-1,2,-1,-1,0,-5
2598,-1,-1,-3,1,-3,2,-2,-9
2599,-1,-1,-2,1,0,2,2,-7
2600,-2,-2,-2,2,-2,1,-3,-6
2601,-2,0,-1,1,2,1,-1,0
2602,0,-6,1,1,2,-2,1,-3
2603,1,-1,-1,-1,5,-1,3,-3
2604,0,-3,-3,0,3,3,1,-7
2605,-1,-2,-1,1,1,1,3,-6
2606,-4,-1,0,-2,1,4,-2,0
2607,-4,4,0,0,0,-1,-2,1
2608,-1,0,-1,1,2,1,2,-2
2609,-2,-1,1,1,2,-1,4,-2
2610,-1,-2,1,1,2,1,-2,6
2611,0,0,-2,1,-1,1,1,-6
2612,-1,-1,1,-1,-2,3,-2,3
2613,-2,-2,-2,1,0,4,2,-7
2614,-4,-1,2,0,-2,1,-1,1
2615,0,0,-2,2,0,1,0,-3
2616,0,-1,-2,-1,2,-1,2,-9
2617,0,-3,2,1,0,3,0,7
2618,0,1,2,2,3,-5,3,4
2619,1,-1,1,2,-2,0,2,1
2620,0,1,-2,1,-2,0,2,-8
2621,-1,0,1,1,1,-2,3,-1
2622,-1,0,-5,2,-3,0,-3,-14
2623,1,1,1,1,1,-2,2,3
2624,-3,-3,0,1,0,2,4,-7
2625,-2,-2,2,1,0,1,0,4
2626,-1,-2,1,1,2,2,0,5
2627,1,-1,1,2,-2,-1,0,2
2628,-2,-2,2,2,-2,-3,1,-2
2629,-3,0,3,-1,3,-2,-4,10
2630,0,-1,-3,5,-1,-1,0,-7
2631,2,0,-3,-1,3,0,1,-6
2632,3,-4,1,-2,3,0,3,0
2633,-2,-1,2,2,-1,1,3,2
2634,1,-1,2,2,-1,2,2,7
2635,0,-1,1,1,1,-1,-1,4
2636,-2,-2,4,1,1,1,0,11
2637,-1,-2,1,1,4,1,-3,9
2638,2,-4,-5,0,1,4,-2,-10
2639,1,2,-1,3,-1,-1,3,-2
2640,-2,2,-2,0,1,3,1,-3
2641,-1,0,0,0,-3,1,0,-3
2642,5,-4,-2,1,3,1,1,-1
2643,1,0,-1,-1,0,0,0,-3
2644,-3,-3,0,0,-2,1,-4,-3
2645,-1,0,-1,3,0,1,1,-1
2646,-1,0,0,1,1,0,-4,5
2647,3,-3,-4,1,2,2,-1,-6
2648,-1,-1,0,0,-2,0,-1,-3
2649,1,-1,-3,0,3,0,2,-8
2650,0,-2,-4,0,3,4,1,-8
2651,1,-2,-2,1,-2,1,-1,-6
2652,1,1,-5,1,-2,2,-2,-10
2653,-1,0,-2,1,-1,0,-1,-6
2654,2,0,-3,1,4,2,-1,1
2655,-1,-2,0,1,-2,2,0,-2
2656,-1,0,-4,-1,-1,3,-2,-10
2657,0,0,0,0,2,1,0,3
2658,-4,3,-1,-2,-1,1,0,-6
2659,-1,0,-1,1,1,1,1,-2
2660,1,-3,-1,0,-1,0,2,-8
2661,-1,-2,0,-1,3,-1,5,-7
2662,1,-4,-1,0,-6,0,-5,-7
2663,-1,0,-1,1,0,2,0,-1
2664,-1,0,-1,1,3,0,-3,3
2665,-2,-2,2,0,4,-1,-4,9
2666,-4,0,2,-1,1,2,1,3
2667,-2,1,-1,3,-3,-2,0,-6
2668,-3,-2,4,0,2,-1,-4,12
2669,2,-1,-2,0,3,-1,2,-5
2670,-1,-1,2,1,-1,2,1,5
2671,-4,-3,-1,1,2,5,1,-3
2672,-3,-1,0,1,0,2,0,-1
2673,1,-2,-1,3,-5,-2,0,-8
2674,-1,1,-1,2,2,0,0,1
2675,-2,0,2,2,1,0,2,5
2676,-7,1,0,-1,3,4,-1,1
2677,-1,-2,-2,-1,4,2,2,-6
2678,-1,-1,-2,1,4,1,3,-5
2679,0,-1,0,-2,4,-3,-1,-1
2680,0,-2,0,-1,4,-1,1,-1
2681,1,-3,2,1,0,3,0,8
2682,-2,-1,-1,2,-1,2,-2,-1
2683,1,0,0,0,2,-1,2,0
2684,-1,-2,0,4,3,1,0,5
2685,-3,-1,2,-1,1,1,-1,4
2686,2,-1,-1,-1,2,0,2,-3
2687,2,-3,1,0,0,0,-2,4
2688,-1,-3,-1,1,-1,3,-2,-2
2689,-2,1,1,2,1,0,1,4
2690,-3,-1,-1,1,0,3,1,-4
2691,-4,-4,6,0,3,0,-1,14
2692,-1,-1,0,1,1,1,1,0
2693,0,0,1,2,-3,0,-3,5
2694,3,1,-1,-1,0,1,4,-3
2695,2,1,-1,0,2,-3,-1,0
2696,1,-3,0,0,4,-2,2,-2
2697,0,-1,1,0,5,-2,3,2
2698,1,0,-1,1,-1,-2,3,-7
2699,-4,-1,4,0,1,0,-1,9
2700,1,-2,0,1,4,-2,3,-1
2701,1,-1,0,2,-2,-1,1,-2
2702,3,-1,-1,0,3,0,2,0
2703,-1,-3,3,-1,-1,3,-1,7
2704,2,1,2,0,3,-2,4,6
2705,-3,-2,-1,2,0,3,3,-6
2706,2,-1,1,3,-2,-4,0,1
2707,2,-1,-1,2,-5,-1,1,-7
2708,-3,-2,3,1,1,1,-1,8
2709,-2,-1,3,2,1,0,2,7
2710,1,-1,-2,1,1,-1,1,-6
2711,0,-3,4,-1,-1,3,0,10
2712,1,0,-2,1,-3,0,-1,-6
2713,1,-1,-1,3,-3,-2,-1,-4
2714,-1,-2,-1,2,-1,2,-1,-2
2715,2,-3,-2,0,4,0,5,-8
2716,-2,2,-1,-1,0,4,4,-4
2717,1,1,-2,3,1,-2,1,-3
2718,1,-1,-3,1,0,3,-3,-2
2719,0,1,1,1,-2,-2,3,-2
2720,0,0,-1,2,-3,1,1,-4
2721,2,-3,0,-2,4,-1,3,-3
2722,0,-2,-1,1,-3,2,0,-5
2723,0,0,2,-2,2,-2,2,2
2724,-3,-1,1,0,2,1,-3,5
2725,-1,-2,1,-1,0,2,-2,3
2726,2,-3,-1,0,-3,2,-2,-3
2727,-1,-2,-1,5,2,-4,-1,-2
2728,-2,-1,3,-1,1,1,-2,9
2729,0,0,-1,2,-2,1,0,-2
2730,-3,1,1,0,1,2,1,3
2731,-1,-3,3,2,1,1,0,9
2732,1,0,0,1,2,-2,1,1
2733,-1,0,-5,0,-2,3,-1,-14
2734,-3,-1,2,1,0,1,0,4
2735,0,-3,1,1,0,2,0,3
2736,-3,1,0,1,-2,0,1,-4
2737,-2,1,0,2,0,0,0,1
2738,-1,-1,-2,1,-2,-1,-2,-8
2739,-4,-3,-2,-1,-1,5,-3,-7
2740,0,0,0,-1,0,1,-5,5
2741,-1,-2,-1,-2,0,3,-3,-2
2742,0,0,-2,3,1,1,-2,1
2743,-1,-1,0,0,2,0,-2,2
2744,-1,-2,-1,2,2,2,2,-2
2745,-5,0,2,0,2,-2,6,-5
2746,1,-3,2,2,1,1,-1,9
2747,0,-1,1,1,1,-1,-1,4
2748,1,0,-1,2,0,-2,1,-3
2749,-2,-3,-2,1,1,3,0,-6
2750,0,-1,-1,3,1,3,1,2
2751,2,-2,-2,3,-2,0,-2,-3
2752,0,-1,1,2,0,-1,0,3
2753,-2,-1,-5,2,-5,2,-1,-18
2754,4,-4,-2,-1,3,2,1,-3
2755,1,-3,-2,3,-4,0,-2,-7
2756,-3,0,-3,1,3,5,0,-3
2757,-1,-2,-1,1,1,2,1,-3
2758,-4,0,1,1,1,-1,-3,3
2759,2,2,-1,-1,-1,0,1,-2
2760,0,0,0,-1,2,-3,4,-6
2761,2,0,-3,3,0,-1,0,-5
2762,1,-5,-1,1,3,-1,1,-5
2763,-1,-1,1,0,-2,-2,-1,-2
2764,-1,0,-1,1,-2,1,0,-4
2765,0,-1,-3,0,-1,2,-2,-7
2766,-2,-1,0,3,0,1,1,0
2767,-3,1,3,2,-1,-2,1,5
2768,0,-2,1,2,2,1,-2,8
2769,-1,-1,1,1,2,1,0,5
2770,0,0,2,1,-1,-1,1,4
2771,0,1,0,2,0,1,0,4
2772,-1,-2,-3,-1,-1,4,-2,-8
2773,-3,-1,0,1,1,2,0,0
2774,2,-1,-1,0,0,0,0,-2
2775,1,1,0,3,-2,-2,2,-1
2776,3,-1,-4,1,0,2,1,-8
2777,-2,0,1,0,2,1,-2,6
2778,2,0,0,2,-1,-1,2,0
2779,-3,-3,2,-2,2,4,-2,6
2780,1,-1,-2,1,1,1,-1,-2
2781,-3,-2,-2,2,-2,2,-4,-5
2782,-3,-3,-2,0,5,4,4,-7
2783,-2,-1,1,2,2,1,1,4
2784,3,-2,-1,-1,6,-1,2,0
2785,-3,4,-4,0,0,1,-3,-7
2786,-1,1,-3,1,-3,1,2,-12
2787,-2,-4,0,1,-2,3,-2,-2
2788,0,-1,-2,2,0,-1,-2,-4
2789,2,-4,0,2,0,4,0,4
2790,0,-4,3,1,1,2,-2,11
2791,-1,-4,-2,2,1,-1,-1,-8
2792,-1,-1,0,1,-2,-1,-1,-3
2793,-2,-2,-3,0,2,4,1,-8
2794,1,-1,0,1,0,2,-1,4
2795,-1,-2,2,3,4,0,-1,11
2796,2,0,0,4,-5,-3,2,-4
2797,1,1,2,-2,3,-2,3,4
2798,1,-2,-1,-1,1,0,1,-5
2799,0,-1,0,0,-1,3,1,0
2800,-2,1,-2,1,-2,1,1,-8
2801,-2,-1,-2,0,0,-1,-1,-9
2802,0,2,1,1,0,-2,3,1
2803,3,0,0,0,3,-1,3,2
2804,1,0,2,1,1,-3,2,4
2805,-3,0,1,1,1,0,-3,5
2806,-3,1,-3,-2,2,3,-3,-5
2807,-5,-2,2,-1,0,2,-4,4
2808,-3,-1,1,-1,-1,2,0,-1
2809,1,-1,1,2,1,-2,2,2
2810,-2,-2,1,1,1,2,0,3
2811,0,1,-2,1,1,2,1,-2
2812,-3,2,1,-4,-2,1,-4,1
2813,-2,-2,-1,3,-3,1,-1,-5
2814,-3,-2,2,0,3,-1,-2,5
2815,-1,0,-2,3,3,1,-1,1
2816,-2,-2,-1,3,3,-4,-1,-4
2817,-1,-4,4,2,2,0,0,11
2818,-1,-2,2,1,3,0,-1,8
2819,-3,-3,-1,-1,-2,3,-4,-5
2820,1,-1,-1,1,1,0,1,-2
2821,-1,-1,-1,1,1,1,-1,-1
2822,-1,0,-1,1,1,1,-2,1
2823,0,0,-1,0,1,-1,1,-4
2824,-1,-3,5,1,3,0,-3,18
2825,-2,-2,2,2,4,0,-1,9
2826,-2,-2,-1,2,0,2,0,-3
2827,1,0,-1,0,1,-1,0,-2
2828,-2,1,0,1,2,2,1,3
2829,1,-1,-1,1,-2,-1,-2,-3
2830,2,0,0,0,2,-1,3,0
2831,2,-2,-2,6,-1,-2,2,-5
2832,-2,0,-7,2,0,2,-3,-16
2833,-4,-2,0,0,5,2,3,-2
2834,-1,-2,-2,1,-2,3,-1,-6
2835,-5,-1,2,1,2,2,3,2
2836,-4,-1,-2,0,-2,2,-2,-9
2837,2,-4,1,4,0,3,4,4
2838,2,-2,-5,0,1,2,-1,-11
2839,-3,1,0,-1,-1,2,-2,0
2840,-2,-3,2,2,4,0,-1,8
2841,1,-1,0,2,-2,0,1,-1
2842,1,-2,0,3,2,2,-2,8
2843,-2,-1,3,-1,1,0,-5,11
2844,2,-2,-1,1,5,-1,4,-2
2845,4,0,-2,-1,4,1,2,0
2846,0,-2,-3,1,-3,3,-1,-9
2847,2,-4,-2,1,4,-1,0,-4
2848,1,0,-3,1,-2,1,0,-8
2849,4,-5,-4,3,1,1,0,-8
2850,0,1,-3,1,-4,1,2,-12
2851,-1,2,-3,-1,0,-1,-1,-9
2852,1,-5,3,4,2,2,4,9
2853,-1,0,-1,2,-4,0,2,-8
2854,1,-2,-3,6,-2,-1,1,-8
2855,-1,-2,-2,1,1,4,-2,-1
2856,2,-1,-2,-1,3,-2,3,-8
2857,1,-3,0,-3,2,0,2,-5
2858,-2,1,-3,1,-1,2,1,-9
2859,-1,-3,-2,-1,3,2,4,-10
2860,2,-2,-1,0,2,-1,1,-3
2861,0,-2,2,3,0,2,2,7
2862,-2,-3,2,0,0,3,0,4
2863,-1,-1,1,1,0,1,0,3
2864,2,1,0,-1,4,-1,3,2
2865,-3,1,-2,-1,0,2,-1,-6
2866,0,-1,2,2,-1,-1,1,4
2867,-4,-2,3,0,2,0,1,4
2868,-1,1,2,-2,-1,-2,2,-1
2869,-2,0,2,0,1,0,-1,6
2870,-3,0,1,0,0,-1,1,-2
2871,0,2,1,-1,-1,-2,0,1
2872,-1,-3,1,1,0,-1,5,-6
2873,-1,-1,-1,0,-1,0,1,-7
2874,-2,0,1,-1,5,-2,4,-1
2875,5,-1,-5,0,2,-1,-1,-9
2876,1,-3,-1,0,1,1,2,-5
2877,-5,1,2,1,1,-1,1,2
2878,-2,0,-2,1,-1,3,2,-7
2879,-1,-1,-3,1,-2,1,-2,-9
2880,-4,-1,0,2,-2,3,0,-2
2881,2,-3,-1,3,3,-2,2,-2
2882,-2,-2,1,1,1,1,-1,3
2883,2,-2,0,3,0,3,1,5
2884,-2,-1,0,0,2,1,1,-1
2885,3,0,1,-4,2,1,3,2
2886,-2,-1,1,1,1,-1,1,0
2887,-1,0,1,2,-3,-1,-2,2
2888,0,-4,0,1,0,-1,0,-4
2889,-1,-1,2,1,0,-3,2,0
2890,-1,-2,-2,1,2,3,2,-5
2891,-1,1,-1,0,0,1,-3,1
2892,2,0,-3,3,1,2,0,-1
2893,0,-3,4,3,2,0,1,13
2894,-2,0,-1,0,4,1,2,-2
2895,-3,1,2,1,3,-2,-3,9
2896,4,1,-4,-1,1,2,-2,-3
2897,0,0,-2,-1,2,3,1,-3
2898,-1,-1,0,1,1,1,-1,2
2899,-3,2,-2,0,4,-2,-5,0
2900,-2,-3,2,0,-1,1,-3,4
2901,1,1,-2,3,-1,-1,1,-4
2902,2,0,1,0,1,-1,2,3
2903,-2,-2,2,0,-1,1,0,2
2904,0,-3,-2,-1,-1,3,-5,-3
2905,1,0,-1,1,0,-1,-1,-1
2906,-2,-3,0,-1,0,2,-4,0
2907,1,0,-3,2,-2,0,1,-9
2908,-2,-4,6,1,0,2,0,15
2909,0,-1,-1,1,2,0,1,-2
2910,0,0,0,2,0,-1,0,1
2911,1,-3,1,-2,2,-1,1,-1
2912,-1,-2,2,2,1,0,-1,7
2913,1,-2,-1,2,2,-2,2,-4
2914,-2,-2,-3,1,-1,0,-5,-8
2915,0,-1,-2,0,2,2,-1,-2
2916,-6,-2,0,2,2,5,2,-1
2917,0,0,0,0,-1,2,-2,3
2918,-2,2,1,0,-1,-3,2,-3
2919,-3,1,0,1,0,1,1,-1
2920,0,-1,-1,1,3,0,1,-1
2921,1,-3,-1,2,-1,3,-3,2
2922,0,-3,-3,1,0,5,0,-6
2923,2,-2,-1,0,2,0,2,-3
2924,-1,-1,-1,0,2,1,1,-3
2925,-1,-2,3,0,0,2,2,6
2926,1,2,-1,3,-3,-1,-1,0
2927,0,-2,1,0,-1,3,1,2
2928,-1,-1,1,1,0,1,1,2
2929,1,2,-2,0,3,-1,4,-5
2930,1,0,-2,2,2,3,2,0
2931,-2,-1,-2,2,-1,1,-1,-6
2932,-3,4,-2,0,-2,-2,0,-9
2933,1,-2,1,1,2,2,-1,8
2934,-1,2,1,1,0,-3,0,2
2935,-2,-2,0,2,-1,2,0,-1
2936,3,4,1,0,2,-1,4,7
2937,2,-2,-5,0,2,3,-2,-8
2938,1,-5,3,1,0,4,1,9
2939,0,0,-1,1,1,0,1,-2
2940,-4,-3,0,1,1,4,2,-3
2941,0,2,1,-1,-1,-2,1,0
2942,-1,-1,-2,0,-2,2,-1,-7
2943,-1,-1,-2,0,3,0,2,-7
2944,0,1,0,1,0,-1,0,1
2945,-3,-1,0,1,0,0,3,-6
2946,1,0,-2,1,0,2,0,-2
2947,0,0,0,1,1,-1,-1,2
2948,1,-1,2,-1,3,-2,3,3
2949,-1,-4,3,1,1,2,0,8
2950,-3,-3,1,3,0,2,2,0
2951,0,0,0,0,0,-1,0,-1
2952,1,-2,0,2,0,3,0,4
2953,0,0,-2,0,0,0,0,-6
2954,2,-1,-3,0,-1,2,0,-7
2955,0,4,0,-1,1,-1,1,2
2956,1,-1,-3,0,-2,2,-1,-8
2957,-2,-1,-1,1,0,0,-2,-3
2958,1,0,0,1,0,2,0,4
2959,3,-2,-5,-1,4,1,0,-10
2960,-4,0,1,0,1,1,-1,2
2961,-2,-1,4,-1,-1,0,0,7
2962,-1,-1,0,2,1,1,1,1
2963,-2,1,-1,2,1,1,0,0
2964,1,-5,0,1,2,-1,1,-3
2965,-1,0,-2,3,-2,-1,-2,-5
2966,-1,-1,0,1,1,0,2,-2
2967,1,-1,-3,3,0,-1,-1,-6
2968,0,-2,-5,0,3,5,-1,-8
2969,-2,-3,-1,3,-1,0,-3,-3
2970,-2,-1,0,0,0,0,-3,0
2971,-2,-3,4,0,1,2,1,9
2972,1,-3,1,2,1,3,1,6
2973,-2,0,-1,-1,0,-2,0,-8
2974,-2,-1,1,0,3,0,2,1
2975,2,-2,-4,0,-4,3,-2,-11
2976,-1,-1,2,1,-1,2,3,3
2977,-2,-1,-1,0,3,-1,4,-8
2978,1,0,0,0,3,-2,3,-1
2979,-3,-3,0,0,1,3,-3,1
2980,-2,-2,2,0,0,-1,5,-4
2981,2,1,0,-1,1,-1,1,1
2982,0,-1,-2,1,2,1,1,-4
2983,-1,-2,1,-1,0,2,-2,3
2984,-2,-1,0,1,0,0,3,-5
2985,-2,-2,1,-1,5,0,3,0
2986,-1,-1,2,0,1,1,-1,7
2987,-6,0,2,-1,2,1,-2,4
2988,3,-2,-1,2,7,-2,4,1
2989,-2,-1,-2,0,-3,2,-2,-8
2990,-3,-1,-2,0,1,3,-2,-4
2991,-3,-3,-1,0,0,5,-2,-2
2992,-2,0,1,4,-2,0,1,2
2993,-2,-1,-4,1,2,4,0,-8
2994,0,-1,-1,1,2,0,2,-3
2995,1,-3,2,3,-3,0,1,3
2996,-1,0,0,0,-1,2,-2,2
2997,1,1,-2,1,-2,1,3,-7
2998,-3,-1,0,0,1,1,-4,2
2999,0,-1,0,1,-1,3,2,0
